geoid,population
01001,59947
01003,246989
01005,24643
01007,22130
01009,59518
01011,10058
01013,18630
01015,116090
01017,34192
01019,25443
01021,45992
01023,12380
01025,22543
01027,14192
01029,15426
01031,54920
01033,58022
01035,11275
01037,10300
01039,37628
01041,13122
01043,90566
01045,49599
01047,36858
01049,72269
01051,89526
01053,36629
01055,103105
01057,16053
01059,31966
01061,26887
01063,7424
01065,14829
01067,17647
01069,108140
01071,53053
01073,667755
01075,13693
01077,95830
01079,33276
01081,181134
01083,111233
01085,9833
01087,18691
01089,405718
01091,18851
01093,29184
01095,99748
01097,412590
01099,19388
01101,226718
01103,124471
01105,8031
01107,18721
01109,32987
01111,22510
01113,58811
01115,94166
01117,230211
01119,11878
01121,81021
01123,40938
01125,237552
01127,64841
01129,15143
01131,10172
01133,23682
02013,3491
02016,5235
02020,288976
02050,18394
02060,918
02063,6862
02066,2626
02068,1969
02070,4724
02090,95460
02100,2086
02105,2311
02110,31794
02122,60413
02130,13768
02150,12771
02158,8176
02164,1013
02170,112988
02180,9866
02185,10810
02188,7441
02195,3409
02198,5715
02220,8368
02230,1244
02240,7068
02275,2088
02282,527
02290,5195
04001,65341
04003,125566
04005,144508
04007,53795
04009,39232
04011,9409
04012,16664
04013,4559748
04015,220517
04017,108415
04019,1060490
04021,469006
04023,48926
04025,245480
04027,211741
05001,16515
05003,18429
05005,42407
05007,303632
05009,38138
05011,10208
05013,4704
05015,28626
05017,9765
05019,21125
05021,14280
05023,25226
05025,7453
05027,22349
05029,21054
05031,113249
05033,61139
05035,47266
05037,16543
05039,6242
05041,10786
05043,17046
05045,127717
05047,17326
05049,12302
05051,100035
05053,18242
05055,46432
05057,19508
05059,33180
05061,12583
05063,38175
05065,14009
05067,16712
05069,64802
05071,26003
05073,6136
05075,16238
05077,8359
05079,12950
05081,11821
05083,21277
05085,75272
05087,17329
05089,17228
05091,42360
05093,39126
05095,6589
05097,8553
05099,8159
05101,7112
05103,22085
05105,10101
05107,15450
05109,10115
05111,22543
05113,19361
05115,64131
05117,8064
05119,399818
05121,18838
05123,22400
05125,127479
05127,9816
05129,7859
05131,128900
05133,15712
05135,17773
05137,12568
05139,37900
05141,15998
05143,256765
05145,77838
05147,6026
05149,20134
06001,1649473
06003,1616
06005,41428
06007,207929
06009,46248
06011,21984
06013,1165012
06015,27107
06017,192662
06019,1016725
06021,28494
06023,134541
06025,180202
06027,18739
06029,915075
06031,153298
06033,68152
06035,30356
06037,9808667
06039,160940
06041,257969
06043,17082
06045,90244
06047,290201
06049,8600
06051,13148
06053,437613
06055,134869
06057,102481
06059,3165820
06061,419156
06063,19423
06065,2478600
06067,1594006
06069,67290
06071,2197104
06073,3288774
06075,830235
06077,797334
06079,281555
06081,742340
06083,443701
06085,1902047
06087,264926
06089,181436
06091,2746
06093,43466
06095,451918
06097,485040
06099,553990
06101,98857
06103,65167
06105,15860
06107,478693
06109,54498
06111,837469
06113,220564
06115,84507
08001,530225
08003,16581
08005,659844
08007,13900
08009,3428
08011,5549
08013,328961
08014,76304
08015,20178
08017,1741
08019,9262
08021,7530
08023,3607
08025,5647
08027,5247
08029,31598
08031,718877
08033,2432
08035,377150
08037,55135
08039,27874
08041,742999
08043,49634
08045,62479
08047,5901
08049,15895
08051,17241
08053,1005
08055,6972
08057,1372
08059,579377
08061,1376
08063,7023
08065,7380
08067,56331
08069,367368
08071,14413
08073,5550
08075,20892
08077,158601
08079,729
08081,13207
08083,26412
08085,43807
08087,29520
08089,18321
08091,5087
08093,17907
08095,4496
08097,16985
08099,11910
08101,169356
08103,6544
08105,11321
08107,25084
08109,6580
08111,724
08113,7968
08115,2304
08117,31017
08119,24825
08121,4831
08123,350396
08125,9979
09110,977290
09120,329259
09130,175822
09140,454969
09150,96312
09160,113216
09170,570598
09180,279971
09190,627071
10001,187604
10003,577961
10005,255626
11001,681294
12001,285492
12003,28430
12005,186393
12007,27885
12009,632780
12011,1977129
12013,13492
12015,201064
12017,162472
12019,227584
12021,398291
12023,71789
12027,35386
12029,17058
12031,1023153
12033,325923
12035,126528
12037,12553
12039,43710
12041,19040
12043,12563
12045,15131
12047,13616
12049,25675
12051,42382
12053,207018
12055,105702
12057,1522748
12059,19513
12061,166936
12063,48250
12065,15091
12067,8161
12069,412924
12071,817666
12073,297542
12075,45391
12077,7687
12079,18089
12081,429792
12083,400078
12085,162176
12086,2738356
12087,81860
12089,97859
12091,216599
12093,40816
12095,1471937
12097,427415
12099,1533806
12101,611444
12103,963481
12105,790694
12107,75164
12109,306934
12111,360500
12113,198472
12115,459547
12117,481470
12119,143408
12121,45342
12123,21503
12125,15701
12127,579622
12129,35387
12131,82948
12133,25529
13001,18493
13003,8337
13005,11109
13007,2790
13009,43642
13011,19264
13013,89886
13015,113113
13017,17089
13019,18352
13021,156578
13023,12430
13025,18315
13027,16293
13029,48263
13031,82683
13033,24470
13035,26496
13037,5498
13039,56970
13043,11043
13045,124569
13047,68634
13049,12818
13051,300879
13053,8887
13055,25036
13057,281032
13059,129609
13061,2850
13063,298924
13065,6759
13067,775208
13069,43347
13071,46224
13073,162434
13075,17532
13077,152852
13079,12225
13081,19790
13083,16165
13085,30242
13087,29195
13089,765351
13091,19805
13093,10984
13095,83091
13097,147888
13099,10603
13101,3709
13103,69143
13105,19849
13107,23026
13109,10757
13111,25742
13113,122244
13115,99693
13117,267287
13119,24234
13121,1076561
13123,32426
13125,2932
13127,85447
13129,59100
13131,26108
13133,20109
13135,979864
13137,47793
13139,212705
13141,8650
13143,31285
13145,36086
13147,26939
13149,11773
13151,249960
13153,169649
13155,9285
13157,84757
13159,15929
13161,14924
13163,15341
13165,8711
13167,9190
13169,28673
13171,19571
13173,10221
13175,49798
13177,33626
13179,67397
13181,7854
13183,18374
13185,119965
13187,34505
13189,21718
13191,11312
13193,11864
13195,31528
13197,7509
13199,20929
13201,5850
13205,21058
13207,29664
13209,8640
13211,21078
13213,40562
13215,203711
13217,118152
13219,43551
13221,15509
13223,178909
13225,28560
13227,34951
13229,20202
13231,19903
13233,43785
13235,9939
13237,22855
13239,2264
13241,17312
13243,6196
13245,206069
13247,95281
13249,4513
13251,14130
13253,9156
13255,68892
13257,27012
13259,4869
13261,29061
13263,5742
13265,1558
13267,24208
13269,7786
13271,11831
13273,8850
13275,45777
13277,41438
13279,27102
13281,12913
13283,6376
13285,70330
13287,8939
13289,7803
13291,26304
13293,28029
13295,68762
13297,103313
13299,35976
13301,5170
13303,19849
13305,30949
13307,2381
13309,7335
13311,28810
13313,103598
13315,8798
13317,9549
13319,8747
13321,20451
15001,205769
15003,1001146
15005,67
15007,73731
15009,164522
16001,518935
16003,4744
16005,89454
16007,6650
16009,10142
16011,49664
16013,24951
16015,8273
16017,51049
16019,129523
16021,13172
16023,2684
16025,1124
16027,250790
16029,7162
16031,25483
16033,849
16035,9012
16037,4470
16039,29321
16041,15056
16043,13943
16045,20614
16047,15931
16049,17432
16051,33154
16053,25173
16055,181996
16057,41049
16059,8249
16061,3682
16063,5358
16065,54618
16067,22208
16069,42697
16071,4768
16073,12503
16075,26771
16077,8133
16079,13785
16081,12425
16083,93734
16085,12389
16087,11142
17001,64754
17003,4875
17005,16716
17007,53230
17009,6322
17011,32866
17013,4330
17015,15576
17017,12784
17019,208741
17021,33538
17023,15266
17025,13052
17027,36954
17029,46777
17031,5182090
17033,18511
17035,10334
17037,100703
17039,15373
17041,19751
17043,930024
17045,16535
17047,6075
17049,34522
17051,21315
17053,13406
17055,37323
17057,33020
17059,4819
17061,11683
17063,53219
17065,7916
17067,17281
17069,3605
17071,6193
17073,48643
17075,26449
17077,53064
17079,9180
17081,36550
17083,21274
17085,21851
17087,13376
17089,517255
17091,106635
17093,137675
17095,49046
17097,714223
17099,108714
17101,15031
17103,33869
17105,35565
17107,27713
17109,26920
17111,312591
17113,171556
17115,101849
17117,44350
17119,264238
17121,37000
17123,11647
17125,12745
17127,13865
17129,12095
17131,15495
17133,35036
17135,27942
17137,33021
17139,14424
17141,51495
17143,179645
17145,20639
17147,16695
17149,14469
17151,3739
17153,5015
17155,5601
17157,30058
17159,15598
17161,142757
17163,253694
17165,23213
17167,194947
17169,6787
17171,4937
17173,20720
17175,5308
17177,43768
17179,130290
17181,16997
17183,72386
17185,11119
17187,16447
17189,13627
17191,15973
17193,13619
17195,54947
17197,701462
17199,66876
17201,283292
17203,38312
18001,36227
18003,392378
18005,83536
18007,8735
18009,11950
18011,74718
18013,15606
18015,20535
18017,37680
18019,124354
18021,26409
18023,32944
18025,10499
18027,33658
18029,51094
18031,26422
18033,43807
18035,112280
18037,43614
18039,207132
18041,23334
18043,80918
18045,16617
18047,23020
18049,20312
18051,33000
18053,66295
18055,31021
18057,365056
18059,84037
18061,39859
18063,183344
18065,48970
18067,83752
18069,36798
18071,46660
18073,33234
18075,20229
18077,32998
18079,27562
18081,166315
18083,36007
18085,80442
18087,40805
18089,500379
18091,111917
18093,45102
18095,131900
18097,975809
18099,46284
18101,9830
18103,35712
18105,140965
18107,38312
18109,72659
18111,13922
18113,47495
18115,5999
18117,19767
18119,21604
18121,16406
18123,19270
18125,12154
18127,174818
18129,25116
18131,12441
18133,37280
18135,24387
18137,29095
18139,16739
18141,273040
18143,24526
18145,45265
18147,19955
18149,23365
18151,34726
18153,20780
18155,9909
18157,189071
18159,15346
18161,6985
18163,180117
18165,15421
18167,106109
18169,30844
18171,8464
18173,65261
18175,28212
18177,66397
18179,28420
18181,24717
18183,34618
19001,7460
19003,3622
19005,14092
19007,12184
19009,5599
19011,25724
19013,131049
19015,26668
19017,25204
19019,20694
19021,20753
19023,14268
19025,9803
19027,20594
19029,13096
19031,18349
19033,42632
19035,11600
19037,11807
19039,9662
19041,16461
19043,17013
19045,46268
19047,16277
19049,107968
19051,9157
19053,7759
19055,17558
19057,38487
19059,17990
19061,99030
19063,9262
19065,19288
19067,15328
19069,9956
19071,6514
19073,8688
19075,12384
19077,10688
19079,14886
19081,10671
19083,16639
19085,14632
19087,20004
19089,9445
19091,9591
19093,6911
19095,16507
19097,19390
19099,37954
19101,15705
19103,156639
19105,20896
19107,9924
19109,14516
19111,32893
19113,230004
19115,10678
19117,8716
19119,12162
19121,16926
19123,22021
19125,33642
19127,40114
19129,14568
19131,10575
19133,8557
19135,7513
19137,10214
19139,42559
19141,14126
19143,6100
19145,15131
19147,8863
19149,25747
19151,7046
19153,503175
19155,93424
19157,18545
19159,4645
19161,9689
19163,174608
19165,11778
19167,36212
19169,100466
19171,16868
19173,5868
19175,11993
19177,7241
19179,35362
19181,54409
19183,22561
19185,6532
19187,36886
19189,10583
19191,19873
19193,106247
19195,7350
19197,12791
20001,12483
20003,7834
20005,16208
20007,4069
20009,25097
20011,14394
20013,9343
20015,68287
20017,2561
20019,3370
20021,19151
20023,2628
20025,1974
20027,8048
20029,8898
20031,8308
20033,1729
20035,34411
20037,39008
20039,2726
20041,18445
20043,7503
20045,120302
20047,2779
20049,2453
20051,28920
20053,6360
20055,38084
20057,34074
20059,26106
20061,35815
20063,2799
20065,2389
20067,7229
20069,5701
20071,1304
20073,5919
20075,2471
20077,5400
20079,33756
20081,3641
20083,1652
20085,13341
20087,18349
20089,2916
20091,620631
20093,3864
20095,7186
20097,2422
20099,19869
20101,1461
20103,83123
20105,2923
20107,9767
20109,2707
20111,32186
20113,30205
20115,11754
20117,9993
20119,3903
20121,34938
20123,5779
20125,30940
20127,5340
20129,2611
20131,10160
20133,15656
20135,2653
20137,5359
20139,15744
20141,3452
20143,5819
20145,6144
20147,4813
20149,26204
20151,9127
20153,2516
20155,61553
20157,4646
20159,9350
20161,71946
20163,4813
20165,2947
20167,6679
20169,53668
20171,5027
20173,528226
20175,21486
20177,178025
20179,2426
20181,5858
20183,3552
20185,3978
20187,2038
20189,5162
20191,22353
20193,7885
20195,2777
20197,7009
20199,1417
20201,5533
20203,2091
20205,8505
20207,3109
20209,167654
21001,19089
21003,21293
21005,24353
21007,7654
21009,44938
21011,12851
21013,23509
21015,139841
21017,20240
21019,47911
21021,30941
21023,8444
21025,13276
21027,20881
21029,84027
21031,12393
21033,12618
21035,38224
21037,93426
21039,4762
21041,10954
21043,26341
21045,15914
21047,72069
21049,37192
21051,19921
21053,9202
21055,8979
21057,5948
21059,103648
21061,12355
21063,7307
21065,14035
21067,323725
21069,15323
21071,35224
21073,51842
21075,6409
21077,8769
21079,17568
21081,25418
21083,36630
21085,26707
21087,11369
21089,35501
21091,9034
21093,111942
21095,25772
21097,19140
21099,19603
21101,44280
21103,15856
21105,4439
21107,45119
21109,13086
21111,783022
21113,54588
21115,22334
21117,171288
21119,13830
21121,29865
21123,15107
21125,62983
21127,16077
21129,7339
21131,10079
21133,20808
21135,12965
21137,24504
21139,8903
21141,27986
21143,8900
21145,67564
21147,16867
21149,9114
21151,95769
21153,11348
21155,19749
21157,31743
21159,11027
21161,16956
21163,30158
21165,6230
21167,23028
21169,10425
21171,11269
21173,28395
21175,14053
21177,30591
21179,47606
21181,7708
21183,23735
21185,69257
21187,11330
21189,3971
21191,14723
21193,27499
21195,56727
21197,13038
21199,65897
21201,2283
21203,16163
21205,24578
21207,18221
21209,59536
21211,49096
21213,19972
21215,20193
21217,26397
21219,12469
21221,14315
21223,8550
21225,13260
21227,140918
21229,12140
21231,19602
21233,12842
21235,36920
21237,6443
21239,27279
22001,56955
22003,22477
22005,130314
22007,20484
22009,38905
22011,36676
22013,12638
22015,129789
22017,230004
22019,207088
22021,9500
22023,5015
22025,8583
22027,13833
22029,18174
22031,27026
22033,452938
22035,7072
22037,19271
22039,32060
22041,19408
22043,22095
22045,68599
22047,29815
22049,14884
22051,430920
22053,31924
22055,247997
22057,96252
22059,14789
22061,48174
22063,148115
22065,9513
22067,24551
22069,36693
22071,371853
22073,158480
22075,22803
22077,20217
22079,127527
22081,7443
22083,19822
22085,21977
22087,44419
22089,51396
22091,10858
22093,19528
22095,40743
22097,81670
22099,51353
22101,47828
22103,272421
22105,136738
22107,3935
22109,106186
22111,20821
22113,57123
22115,47117
22117,45120
22119,35820
22121,27974
22123,9464
22125,15327
22127,13467
23001,113423
23003,67058
23005,308827
23007,30413
23009,56460
23011,126808
23013,41003
23015,36099
23017,59255
23019,154710
23021,17263
23023,37285
23025,50959
23027,40192
23029,31331
23031,216731
24001,67452
24003,598166
24005,850796
24009,94313
24011,33669
24013,175321
24015,104960
24017,170527
24019,32754
24021,287048
24023,28615
24025,263757
24027,336328
24029,19346
24031,1065949
24033,959754
24035,51825
24037,115126
24039,24822
24041,37917
24043,155709
24045,104914
24047,53700
24510,573243
25001,231668
25003,129430
25005,582270
25007,20933
25009,813054
25011,70944
25013,462815
25015,162028
25017,1638365
25019,14483
25021,730082
25023,535075
25025,785121
25027,867788
26001,10397
26003,8762
26005,121456
26007,28880
26009,24127
26011,15077
26013,8191
26015,63409
26017,103008
26019,18310
26021,153288
26023,45300
26025,133778
26027,51520
26029,26108
26031,25865
26033,36295
26035,31218
26037,79626
26039,13369
26041,36813
26043,25954
26045,109130
26047,34125
26049,403305
26051,25693
26053,14319
26055,96166
26057,41385
26059,45654
26061,37693
26063,31113
26065,283913
26067,66574
26069,25347
26071,11667
26073,64565
26075,160060
26077,262375
26079,18239
26081,663150
26083,2133
26085,12563
26087,88837
26089,22734
26091,98415
26093,195833
26095,6271
26097,10957
26099,879853
26101,25350
26103,67112
26105,29207
26107,41242
26109,23247
26111,83757
26113,15207
26115,155505
26117,67816
26119,9516
26121,175961
26123,50792
26125,1279825
26127,26915
26129,20885
26131,5850
26133,23227
26135,8425
26137,25584
26139,301203
26141,13209
26143,23737
26145,188665
26147,160221
26149,60969
26151,40462
26153,8128
26155,67991
26157,52980
26159,75795
26161,369822
26163,1772259
26165,34077
27001,16056
27003,370349
27005,35343
27007,46512
27009,41593
27011,5127
27013,69871
27015,25800
27017,36518
27019,110041
27021,30992
27023,12377
27025,57991
27027,66059
27029,8616
27031,5635
27033,11458
27035,67686
27037,445771
27039,21045
27041,39575
27043,13914
27045,21414
27047,30623
27049,47943
27051,6127
27053,1269496
27055,18653
27057,21831
27059,42596
27061,45275
27063,9933
27065,16390
27067,44079
27069,4084
27071,11833
27073,6682
27075,10879
27077,3821
27079,29113
27081,5603
27083,25503
27085,36798
27087,5358
27089,8909
27091,19780
27093,23468
27095,27125
27097,34249
27099,40343
27101,8097
27103,34411
27105,22041
27107,6367
27109,164498
27111,60475
27113,13791
27115,29640
27117,9284
27119,30705
27121,11418
27123,542945
27125,3915
27127,15350
27129,14558
27131,67917
27133,9621
27135,15302
27137,200123
27139,154557
27141,100560
27143,15005
27145,160865
27147,37439
27149,9739
27151,9748
27153,25575
27155,3243
27157,21565
27159,14256
27161,18885
27163,276238
27165,11205
27167,6371
27169,49779
27171,148269
27173,9451
28001,28803
28003,34289
28005,12565
28007,17526
28009,7589
28011,29534
28013,12922
28015,9686
28017,16915
28019,8118
28021,8582
28023,15314
28025,18383
28027,20540
28029,27855
28031,18148
28033,191301
28035,78272
28037,7622
28039,25170
28041,13615
28043,21217
28045,46167
28047,210891
28049,218533
28051,16191
28053,7395
28055,928
28057,24036
28059,145249
28061,16059
28063,7068
28065,11117
28067,66472
28069,8729
28071,58327
28073,65713
28075,71504
28077,11786
28079,21319
28081,83034
28083,27141
28085,34877
28087,57838
28089,111647
28091,24193
28093,33979
28095,33747
28097,9602
28099,28932
28101,21093
28103,10025
28105,51771
28107,32808
28109,57458
28111,11449
28113,39602
28115,31550
28117,25184
28119,5774
28121,158854
28123,27718
28125,3872
28127,25691
28129,14132
28131,18894
28133,24333
28135,11764
28137,28321
28139,21523
28141,18660
28143,9475
28145,28122
28147,13839
28149,43020
28151,42765
28153,19718
28155,9972
28157,8162
28159,17536
28161,12419
28163,24835
29001,25301
29003,18065
29005,5187
29007,24548
29009,35033
29011,11690
29013,16186
29015,20151
29017,10559
29019,188043
29021,83568
29023,42020
29025,8927
29027,44741
29029,43667
29031,82735
29033,8411
29035,5297
29037,110773
29039,14615
29041,7390
29043,92915
29045,6675
29047,258122
29049,21414
29051,77032
29053,16824
29055,22797
29057,7641
29059,17551
29061,8477
29063,10876
29065,14539
29067,11965
29069,27493
29071,105950
29073,14746
29075,6245
29077,303375
29079,9787
29081,8190
29083,22328
29085,8585
29087,4240
29089,10147
29091,40383
29093,9446
29095,719976
29097,124357
29099,229458
29101,54732
29103,3756
29105,36390
29107,33115
29109,38593
29111,9924
29113,63057
29115,11852
29117,14364
29119,23701
29121,15163
29123,12729
29125,8450
29127,28457
29129,3482
29131,25269
29133,11902
29135,15262
29137,8734
29139,11426
29141,21717
29143,15731
29145,60118
29147,20774
29149,8673
29151,13402
29153,8873
29155,14958
29157,18976
29159,43397
29161,45194
29163,17711
29165,110371
29167,32444
29169,53894
29171,4642
29173,10428
29175,24365
29177,23145
29179,6010
29181,10708
29183,414535
29185,9587
29186,18571
29187,66999
29189,995569
29195,23231
29197,4038
29199,4686
29201,37933
29203,7177
29205,5986
29207,28470
29209,32048
29211,5857
29213,56529
29215,25161
29217,19687
29219,37177
29221,23470
29223,10862
29225,40500
29227,1934
29229,18965
29510,288512
30001,9713
30003,12891
30005,6949
30007,7668
30009,11116
30011,1308
30013,84606
30015,5906
30017,11961
30019,1494
30021,8827
30023,9597
30025,2760
30027,11687
30029,110695
30031,124074
30033,1094
30035,13637
30037,899
30039,3462
30041,16155
30043,12774
30045,2071
30047,32561
30049,73464
30051,1952
30053,21175
30055,1670
30057,9223
30059,2007
30061,4959
30063,120672
30065,5152
30067,17710
30069,447
30071,4221
30073,6035
30075,1815
30077,7053
30079,1250
30081,46727
30083,11235
30085,10526
30087,8165
30089,13285
30091,3669
30093,35785
30095,9182
30097,3720
30099,6353
30101,5061
30103,732
30105,7519
30107,2056
30109,1193
30111,168957
31001,31052
31003,6305
31005,484
31007,742
31009,422
31011,5356
31013,10714
31015,1688
31017,2869
31019,50579
31021,6740
31023,8424
31025,27161
31027,8315
31029,3671
31031,5498
31033,9533
31035,6095
31037,10641
31039,8975
31041,10518
31043,21354
31045,8140
31047,24202
31049,1847
31051,5545
31053,37351
31055,590736
31057,1736
31059,5541
31061,2846
31063,2569
31065,4568
31067,21629
31069,1761
31071,1718
31073,2040
31075,626
31077,2202
31079,62536
31081,9464
31083,2847
31085,843
31087,2569
31089,10102
31091,647
31093,6534
31095,7161
31097,5261
31099,6713
31101,8219
31103,822
31105,3248
31107,8363
31109,326696
31111,33802
31113,773
31115,578
31117,475
31119,35532
31121,7724
31123,4534
31125,3324
31127,7046
31129,4087
31131,16241
31133,2530
31135,2821
31137,9009
31139,7325
31141,34716
31143,5225
31145,10557
31147,7751
31149,1319
31151,14650
31153,197389
31155,23048
31157,35843
31159,17641
31161,5014
31163,2967
31165,1171
31167,5796
31169,4901
31171,564
31173,6627
31175,4066
31177,21106
31179,9844
31181,3360
31183,847
31185,14286
32001,25805
32003,2329548
32005,49623
32007,54047
32009,1028
32011,1585
32013,17289
32015,5770
32017,4405
32019,61680
32021,4542
32023,54344
32027,6487
32029,4140
32031,497200
32033,8735
32510,58384
33001,64659
33003,51804
33005,77297
33007,31271
33009,92120
33011,426378
33013,155967
33015,319082
33017,132575
33019,43715
34001,276270
34003,962316
34005,467805
34007,527257
34009,94941
34011,153305
34013,863002
34015,306954
34017,718323
34019,130160
34021,385864
34023,871290
34025,645353
34027,514528
34029,654362
34031,521012
34033,65275
34035,349846
34037,145807
34039,579290
34041,110849
35001,673930
35003,3743
35005,64217
35006,26845
35007,12322
35009,47638
35011,1576
35013,224266
35015,61105
35017,27775
35019,4381
35021,741
35023,4041
35025,73733
35027,20224
35028,19435
35029,25611
35031,70431
35033,4149
35035,68816
35037,8564
35039,40070
35041,18928
35043,153604
35045,120942
35047,26850
35049,156105
35051,11500
35053,16200
35055,34543
35057,15490
35059,4013
35061,78458
36001,317018
36003,47159
36005,1404779
36007,197378
36009,76145
36011,75102
36013,125544
36015,82147
36017,46321
36019,78493
36021,61100
36023,46246
36025,44487
36027,298220
36029,950622
36031,36973
36033,46696
36035,52487
36037,57787
36039,47409
36041,5089
36043,59757
36045,115040
36047,2631580
36049,26607
36051,61498
36053,67328
36055,753753
36057,49528
36059,1389591
36061,1629477
36063,210721
36065,229124
36067,471129
36069,112625
36071,406616
36073,39608
36075,117953
36077,60108
36079,98107
36081,2323052
36083,160332
36085,494956
36087,341883
36089,107226
36091,238284
36093,160369
36095,30049
36097,17562
36099,32920
36101,92588
36103,1530146
36105,79721
36107,47864
36109,104537
36111,182601
36113,65517
36115,60522
36117,90929
36119,999677
36121,39753
36123,24526
37001,176893
37003,36412
37005,11174
37007,22289
37009,26950
37011,17680
37013,44499
37015,17170
37017,29566
37019,152568
37021,274360
37023,87795
37025,236133
37027,80536
37029,10927
37031,69148
37033,22404
37035,163573
37037,80151
37039,29562
37041,13836
37043,11610
37045,100991
37047,50140
37049,102612
37051,338545
37053,30601
37055,37875
37057,172954
37059,44122
37061,49335
37063,332353
37065,48736
37067,389977
37069,74386
37071,234881
37073,10376
37075,8072
37077,60877
37079,20486
37081,547940
37083,47675
37085,139150
37087,62662
37089,118484
37091,19908
37093,53835
37095,4592
37097,196544
37099,43771
37101,234263
37103,9302
37105,65816
37107,54919
37109,92716
37111,44817
37113,37941
37115,21867
37117,21644
37119,1154681
37121,14992
37123,26007
37125,104876
37127,96216
37129,235229
37131,16931
37133,207906
37135,149678
37137,12390
37139,40834
37141,65550
37143,13244
37145,39542
37147,177193
37149,19891
37151,146348
37153,42344
37155,116902
37157,92131
37159,149875
37161,64930
37163,59470
37165,33590
37167,64651
37169,45139
37171,71425
37173,14013
37175,33691
37177,3423
37179,250958
37181,42322
37183,1178653
37185,18795
37187,10812
37189,55123
37191,118652
37193,65935
37195,79290
37197,37574
37199,18797
38001,2145
38003,10773
38005,5808
38007,1024
38009,6378
38011,2906
38013,2156
38015,100600
38017,193400
38019,3633
38021,4935
38023,2167
38025,4040
38027,2307
38029,3254
38031,3358
38033,1653
38035,72923
38037,2269
38039,2245
38041,2432
38043,2377
38045,4118
38047,1819
38049,5207
38051,2497
38053,14321
38055,9823
38057,8337
38059,33777
38061,9507
38063,3016
38065,1839
38067,6727
38069,3928
38071,11556
38073,5643
38075,2304
38077,16584
38079,11924
38081,3804
38083,1303
38085,3740
38087,766
38089,33302
38091,1804
38093,21549
38095,2079
38097,7970
38099,10396
38101,68973
38103,3890
38105,39555
39001,27540
39003,101348
39005,52256
39007,97167
39009,61737
39011,46125
39013,65473
39015,43845
39017,392876
39019,26659
39021,38804
39023,135158
39025,211181
39027,42012
39029,100704
39031,36744
39033,41711
39035,1245873
39037,51594
39039,38343
39041,226834
39043,74581
39045,163453
39047,28876
39049,1333048
39051,42240
39053,29068
39055,95481
39057,169688
39059,38223
39061,830774
39063,74866
39065,30475
39067,14306
39069,27567
39071,43517
39073,27799
39075,44418
39077,58319
39079,32650
39081,64518
39083,63142
39085,232216
39087,56819
39089,181837
39091,46089
39093,317129
39095,428018
39097,44423
39099,226491
39101,65020
39103,183660
39105,21896
39107,42484
39109,110296
39111,13227
39113,536096
39115,13651
39117,35404
39119,86411
39121,14282
39123,39994
39125,18791
39127,35535
39129,60131
39131,27044
39133,161956
39135,40765
39137,34314
39139,125099
39141,76492
39143,58778
39145,72627
39147,54770
39149,47929
39151,373713
39153,537864
39155,200929
39157,92385
39159,67324
39161,28826
39163,12630
39165,250008
39167,58978
39169,116588
39171,36719
39173,132064
39175,21598
40001,19575
40003,5696
40005,14379
40007,5028
40009,22148
40011,8570
40013,48253
40015,26447
40017,168985
40019,48555
40021,47942
40023,14297
40025,2218
40027,300047
40029,5320
40031,121825
40033,5485
40035,14302
40037,72830
40039,28259
40041,41279
40043,4360
40045,3683
40047,62146
40049,25860
40051,56606
40053,4131
40055,5489
40057,2406
40059,3203
40061,11683
40063,13389
40065,24678
40067,5380
40069,10278
40071,43625
40073,15430
40075,8383
40077,9518
40079,49053
40081,34219
40083,51938
40085,10261
40087,45273
40089,30863
40091,19400
40093,7628
40095,15792
40097,39604
40099,13753
40101,66444
40103,10897
40105,9435
40107,11278
40109,806199
40111,36899
40113,45997
40115,30341
40117,15795
40119,82972
40121,43561
40123,38235
40125,73463
40127,10790
40129,3359
40131,98610
40133,23494
40135,39860
40137,43551
40139,20774
40141,6910
40143,680794
40145,86609
40147,53326
40149,10815
40151,8596
40153,20158
41001,16840
41003,96303
41005,423975
41007,41363
41009,53493
41011,64827
41013,26277
41015,23381
41017,206334
41019,112072
41021,1971
41023,7209
41025,7499
41027,23905
41029,222645
41031,25203
41033,88179
41035,70247
41037,8267
41039,384207
41041,50964
41043,130706
41045,31954
41047,349244
41049,12300
41051,801477
41053,89662
41055,1938
41057,27496
41059,79940
41061,26144
41063,7553
41065,26552
41067,603947
41069,1485
41071,108734
42001,106115
42003,1238177
42005,64622
42007,166324
42009,47513
42011,433015
42013,121277
42015,59858
42017,647461
42019,197254
42021,131538
42023,4427
42025,65382
42027,158576
42029,547840
42031,37179
42033,78635
42035,37798
42037,65362
42039,82716
42041,268323
42043,289593
42045,579222
42047,30506
42049,269052
42051,125997
42053,6715
42055,157379
42057,14531
42059,34835
42061,43653
42063,83042
42065,43864
42067,23379
42069,216146
42071,557931
42073,85024
42075,144186
42077,378792
42079,327675
42081,113489
42083,39904
42085,109257
42087,46041
42089,167515
42091,867573
42093,18103
42095,318580
42097,90560
42099,46239
42101,1579706
42103,60621
42105,16188
42107,143558
42109,39668
42111,72799
42113,5888
42115,38219
42117,40945
42119,42456
42121,49801
42123,37920
42125,210042
42127,51262
42129,352500
42131,25967
42133,462924
44001,50490
44003,171456
44005,84657
44007,664854
44009,130344
45001,24420
45003,174160
45005,7661
45007,210478
45009,13042
45011,20521
45013,195289
45015,246802
45017,14182
45019,420264
45021,56647
45023,32182
45025,43784
45027,30986
45029,38783
45031,62558
45033,27862
45035,167201
45037,27476
45039,20550
45041,137117
45043,64811
45045,548166
45047,69489
45049,18254
45051,383016
45053,32166
45055,68314
45057,104475
45059,68666
45061,16166
45063,304887
45065,9760
45067,28664
45069,25975
45071,38435
45073,80469
45075,83253
45077,134629
45079,422117
45081,19131
45083,347852
45085,104725
45087,26885
45089,30282
45091,293673
46003,2642
46005,19309
46007,3345
46009,7044
46011,35353
46013,37877
46015,5283
46017,1808
46019,10676
46021,1593
46023,9281
46025,3917
46027,15219
46029,28767
46031,3806
46033,8892
46035,19952
46037,5437
46039,4328
46041,5205
46043,2828
46045,4048
46047,7258
46049,2126
46051,7563
46053,4016
46055,1722
46057,6373
46059,3140
46061,3472
46063,1148
46065,17664
46067,7404
46069,1191
46071,2802
46073,1772
46075,1004
46077,5244
46079,10972
46081,27233
46083,70638
46085,3724
46087,5751
46089,2145
46091,4344
46093,30546
46095,1943
46097,2300
46099,203289
46101,6397
46102,13491
46103,113512
46105,3001
46107,2388
46109,10221
46111,2384
46115,6219
46117,3015
46119,1526
46121,9244
46123,5611
46125,8882
46127,17081
46129,5271
46135,23414
46137,2377
47001,79153
47003,52237
47005,16006
47007,15032
47009,139333
47011,111065
47013,39761
47015,14818
47017,28641
47019,56712
47021,41829
47023,17611
47025,32466
47027,7670
47029,36813
47031,59710
47033,13944
47035,63553
47037,715388
47039,11579
47041,20959
47043,55983
47045,36508
47047,43267
47049,19309
47051,43990
47053,50869
47055,30620
47057,24266
47059,71628
47061,13819
47063,65669
47065,376192
47067,6852
47069,25433
47071,27249
47073,57964
47075,17475
47077,27980
47079,32412
47081,25436
47083,8353
47085,19214
47087,12029
47089,56864
47091,18196
47093,494148
47095,6579
47097,24784
47099,45385
47101,12992
47103,35946
47105,58580
47107,54884
47109,25970
47111,26240
47113,99295
47115,29250
47117,36049
47119,107791
47121,13343
47123,47695
47125,234153
47127,6674
47129,21361
47131,30453
47133,23065
47135,8697
47137,5079
47139,17898
47141,82558
47143,33992
47145,55208
47147,75539
47149,360646
47151,22113
47153,16809
47155,99652
47157,919173
47159,20389
47161,14027
47163,160624
47165,204424
47167,61553
47169,11957
47171,17756
47173,20431
47175,6437
47177,42166
47179,136261
47181,16168
47183,33016
47185,28160
47187,260351
47189,158805
48001,58439
48003,18610
48005,87275
48007,24876
48009,8867
48011,1822
48013,51008
48015,31170
48017,6913
48019,22021
48021,106582
48023,3485
48025,31083
48027,386897
48029,2067341
48031,12446
48033,713
48035,18687
48037,92115
48039,391255
48041,242311
48043,9503
48045,1301
48047,6943
48049,38347
48051,18857
48053,52652
48055,48669
48057,19868
48059,14241
48061,426120
48063,12798
48065,5801
48067,28568
48069,7344
48071,51498
48073,51886
48075,6743
48077,10495
48079,2550
48081,3353
48083,7833
48085,1163337
48087,2588
48089,21006
48091,183826
48093,13950
48095,3328
48097,43046
48099,84748
48101,1368
48103,4610
48105,2822
48107,5041
48109,2195
48111,7298
48113,2621179
48115,12134
48117,18460
48119,5438
48121,979561
48123,20016
48125,1747
48127,8380
48129,3257
48131,9742
48133,18011
48135,164654
48137,1290
48139,213160
48141,870779
48143,43794
48145,17291
48147,37326
48149,25042
48151,3655
48153,5216
48155,991
48157,893767
48159,10632
48161,20049
48163,18582
48165,22232
48167,358990
48169,5118
48171,27524
48173,1068
48175,7141
48177,19851
48179,21045
48181,143337
48183,125480
48185,31340
48187,183642
48189,32131
48191,2820
48193,8406
48195,5119
48197,3501
48199,57642
48201,4838303
48203,70155
48205,5215
48207,5421
48209,268638
48211,3234
48213,84862
48215,891977
48217,37328
48219,21363
48221,65894
48223,37784
48225,22051
48227,32290
48229,3403
48231,108972
48233,20184
48235,1409
48237,8882
48239,15152
48241,32727
48243,1865
48245,253878
48247,4727
48249,38850
48251,195597
48253,20304
48255,14968
48257,172604
48259,48567
48261,145
48263,734
48265,53489
48267,4389
48269,211
48271,3157
48273,30579
48275,3307
48277,50669
48279,12828
48281,22715
48283,6839
48285,20552
48287,17971
48289,16263
48291,103380
48293,22283
48295,2918
48297,11620
48299,22424
48301,33
48303,318884
48305,5752
48307,7514
48309,266067
48311,700
48313,13648
48315,9737
48317,5218
48319,3955
48321,36329
48323,58082
48325,53547
48327,1955
48329,174801
48331,25567
48333,4511
48335,9018
48337,21046
48339,684432
48341,21373
48343,12076
48345,1183
48347,65162
48349,54711
48351,12093
48353,14454
48355,352955
48357,9786
48359,2249
48361,85307
48363,29295
48365,22726
48367,165168
48369,9731
48371,14896
48373,52800
48375,115975
48377,5930
48379,12775
48381,146070
48383,3232
48385,2802
48387,11611
48389,12664
48391,6707
48393,832
48395,17167
48397,123617
48399,9874
48401,52842
48403,10023
48405,7874
48407,28441
48409,70181
48411,5696
48413,2381
48415,16488
48417,3175
48419,24155
48421,2295
48423,241740
48425,9691
48427,66067
48429,9351
48431,1468
48433,1227
48435,3277
48437,6937
48439,2167390
48441,145863
48443,835
48445,11629
48447,1639
48449,31363
48451,119577
48453,1330015
48455,14046
48457,20238
48459,42567
48461,3191
48463,24881
48465,47741
48467,62649
48469,91413
48471,80209
48473,61552
48475,11144
48477,36647
48479,269294
48481,41794
48483,4862
48485,129996
48487,12616
48489,20139
48491,672688
48493,52781
48495,7454
48497,75005
48499,46961
48501,7571
48503,18029
48505,13841
48507,9412
49001,7273
49003,61246
49005,140046
49007,20517
49009,783
49011,370924
49013,20185
49015,10046
49017,5219
49019,9754
49021,62252
49023,12586
49025,8170
49027,13315
49029,12802
49031,1694
49033,2631
49035,1196523
49037,14483
49039,29719
49041,22085
49043,42970
49045,79347
49047,37056
49049,705400
49051,36642
49053,196431
49055,2584
49057,269648
50001,37664
50003,37269
50005,30475
50007,169758
50009,5982
50011,50638
50013,7450
50015,26148
50017,29761
50019,27606
50021,60425
50023,60017
50025,45923
50027,57990
51001,33335
51003,114919
51005,14859
51007,13462
51009,31485
51011,16610
51013,236254
51015,78033
51017,4100
51019,80894
51021,6199
51023,34004
51025,15841
51027,19415
51029,16976
51031,55312
51033,32098
51035,29157
51036,6627
51037,11422
51041,377869
51043,15216
51045,4856
51047,54397
51049,9818
51051,13733
51053,28191
51057,10623
51059,1147837
51061,74577
51063,15593
51065,28092
51067,55130
51069,95008
51071,16557
51073,39526
51075,26410
51077,15287
51079,21155
51081,11275
51083,33639
51085,112879
51087,335744
51089,49980
51091,2296
51093,39974
51095,81013
51097,6695
51099,27896
51101,18593
51103,10936
51105,21900
51107,432998
51109,39980
51111,12016
51113,14044
51115,8540
51117,30516
51119,10847
51121,99101
51125,14732
51127,25105
51131,12059
51133,12188
51135,15597
51137,37822
51139,23727
51141,17512
51143,59856
51145,31555
51147,21996
51149,43146
51153,488880
51155,33687
51157,7427
51159,9095
51161,97023
51163,22531
51165,85600
51167,25538
51169,21479
51171,44925
51173,29420
51175,17964
51177,146603
51179,163466
51181,6549
51183,10765
51185,39624
51187,41531
51191,53926
51193,18826
51195,35448
51197,28188
51199,71005
51510,156976
51520,16849
51530,6593
51540,45437
51550,252583
51570,18352
51580,5680
51590,42214
51595,5547
51600,25026
51610,14710
51620,8250
51630,28873
51640,6726
51650,137557
51660,51392
51670,22959
51678,7525
51680,79497
51683,42976
51685,16798
51690,13658
51700,184216
51710,233596
51720,3577
51730,33537
51735,12639
51740,97190
51750,16726
51760,229359
51770,98355
51775,25618
51790,25948
51800,98796
51810,456349
51820,22841
51830,15798
51840,27913
53001,20800
53003,22467
53005,212905
53007,80172
53009,77813
53011,516959
53013,4014
53015,112360
53017,44366
53019,7387
53021,98902
53023,2353
53025,101799
53027,77053
53029,86836
53031,33577
53033,2287171
53035,277881
53037,47172
53039,23411
53041,85154
53043,11489
53045,67982
53047,43425
53049,23994
53051,14050
53053,930319
53055,18478
53057,131328
53059,12402
53061,844430
53063,549056
53065,48067
53067,299067
53069,4658
53071,62161
53073,230503
53075,47003
53077,257152
54001,15424
54003,129514
54005,21026
54007,12208
54009,21805
54011,92739
54013,6048
54015,7835
54017,7711
54019,39519
54021,7288
54023,10983
54025,32386
54027,23465
54029,28431
54031,14243
54033,64984
54035,27705
54037,59260
54039,176537
54041,16740
54043,19902
54045,31418
54047,17943
54049,55909
54051,29865
54053,25043
54055,58563
54057,26854
54059,22542
54061,107163
54063,12386
54065,17426
54067,24277
54069,41582
54071,6043
54073,7521
54075,7784
54077,34160
54079,57177
54081,73195
54083,27576
54085,8286
54087,13786
54089,11729
54091,16487
54093,6654
54095,8064
54097,23712
54099,38164
54101,8144
54103,14078
54105,5053
54107,83407
54109,20629
55001,21123
55003,16080
55005,46797
55007,16575
55009,270892
55011,13393
55013,16916
55015,52942
55017,66799
55019,34739
55021,58272
55023,16042
55025,572674
55027,88742
55029,30445
55031,44229
55033,45527
55035,107116
55037,4646
55039,104137
55041,9369
55043,51770
55045,37017
55047,19263
55049,23867
55051,6210
55053,20981
55055,86003
55057,26689
55059,168438
55061,20664
55063,120488
55065,16942
55067,19490
55069,28426
55071,81406
55073,138403
55075,42046
55077,15746
55078,4252
55079,926331
55081,46208
55083,39589
55085,38167
55087,192826
55089,92966
55091,7431
55093,42584
55095,45555
55097,70832
55099,14092
55101,197532
55103,17205
55105,164350
55107,14179
55109,96033
55111,66009
55113,18476
55115,41039
55117,117991
55119,20024
55121,30839
55123,31049
55125,23647
55127,105657
55129,16854
55131,137879
55133,411762
55135,51569
55137,24868
55139,171769
55141,74004
56001,38249
56003,11828
56005,47240
56007,14463
56009,13762
56011,7455
56013,39533
56015,12605
56017,4620
56019,8686
56021,101060
56023,20486
56025,79977
56027,2368
56029,30449
56031,8612
56033,32055
56035,8838
56037,41542
56039,23396
56041,20644
56043,7703
56045,6826
72001,17960
72003,37758
72005,54137
72007,23614
72009,24636
72011,25094
72013,86467
72015,15341
72017,22494
72019,29054
72021,182469
72023,46876
72025,125586
72027,32734
72029,41816
72031,152204
72033,22467
72035,40917
72037,10995
72039,16805
72041,39643
72043,33998
72045,18711
72047,34444
72049,1387
72051,35810
72053,31489
72054,11532
72055,12855
72057,35298
72059,17141
72061,89378
72063,40228
72065,38157
72067,15441
72069,50100
72071,42890
72073,14566
72075,46156
72077,36829
72079,23035
72081,27855
72083,8744
72085,34951
72087,22768
72089,17532
72091,38943
72093,4988
72095,10399
72097,70828
72099,37424
72101,28397
72103,23054
72105,29310
72107,21309
72109,15563
72111,19853
72113,132760
72115,23409
72117,15378
72119,46051
72121,22407
72123,25079
72125,31305
72127,336160
72129,37431
72131,39088
72133,19903
72135,66320
72137,73039
72139,67088
72141,27621
72143,34921
72145,53892
72147,8078
72149,21556
72151,29400
72153,32993
