state,zip,candidate,election,single_gift,accumulated,over_limit_contributions
AK,99507,C00919084,general,2,0,0
AL,35950,C00901918,runoff,1,0,1
AR,72203,C00901918,general,1,0,0
AR,72207,C00369033,primary,1,0,0
AR,72207,C00369033,runoff,1,0,0
AR,72221,C00369033,primary,1,0,0
AR,72221,C00369033,runoff,1,0,0
AR,72221,C00901918,general,1,0,0
AR,72223,C00901918,general,1,0,0
AR,72703,C00919084,general,1,0,0
AR,72712,C00369033,primary,2,0,0
AR,72712,C00919084,general,1,0,0
AZ,85021,C00901918,primary,1,0,0
AZ,85021,C00901918,runoff,1,0,0
AZ,85044,C00901918,runoff,1,0,0
AZ,85048,C00901918,general,1,0,0
AZ,85048,C00901918,primary,2,0,0
AZ,85048,C00901918,runoff,1,0,0
AZ,85253,C00919084,general,2,0,0
AZ,85253,C00919084,primary,1,0,0
AZ,85254,C00901918,primary,1,0,0
AZ,85255,C00919084,general,1,0,0
CA,90004,C00919084,general,1,0,0
CA,90010,C00919084,general,1,0,0
CA,90020,C00919084,primary,1,0,0
CA,90024,C00369033,primary,1,0,0
CA,90024,C00919084,general,2,0,0
CA,90024,C00919084,primary,1,1,1
CA,90025,C00919084,general,1,0,0
CA,90025,C00919084,primary,1,1,0
CA,90036,C00919084,general,1,0,0
CA,90036,C00919084,primary,1,0,0
CA,90048,C00919084,general,0,1,0
CA,90048,C00919084,primary,1,0,0
CA,90049,C00919084,general,3,0,0
CA,90049,C00919084,primary,4,0,0
CA,90064,C00919084,primary,1,0,0
CA,90067,C00369033,runoff,1,0,0
CA,90067,C00919084,general,3,0,1
CA,90067,C00919084,primary,0,1,0
CA,90077,C00919084,primary,1,0,0
CA,90210,C00369033,runoff,1,0,0
CA,90210,C00901918,general,1,0,1
CA,90210,C00919084,general,3,0,0
CA,90210,C00919084,primary,0,1,0
CA,90249,C00901918,primary,1,0,0
CA,90249,C00901918,runoff,1,0,0
CA,90265,C00919084,general,3,0,0
CA,90265,C00919084,primary,3,0,0
CA,90291,C00919084,primary,0,1,0
CA,90402,C00919084,primary,1,0,0
CA,90740,C00369033,runoff,1,0,0
CA,91008,C00901918,general,1,0,1
CA,91103,C00919084,general,1,1,0
CA,91105,C00919084,general,1,0,0
CA,91320,C00919084,general,2,0,0
CA,91350,C00919084,primary,1,0,0
CA,91367,C00919084,general,1,0,0
CA,91423,C00369033,primary,1,0,0
CA,91423,C00369033,runoff,1,0,0
CA,91436,C00369033,primary,1,0,0
CA,91436,C00919084,general,2,0,0
CA,91436,C00919084,primary,1,0,0
CA,91604,C00919084,primary,0,1,0
CA,92008,C00901918,primary,1,0,0
CA,92008,C00901918,runoff,1,0,0
CA,92037,C00369033,primary,3,0,0
CA,92037,C00919084,general,2,0,1
CA,92104,C00919084,primary,1,0,0
CA,92120,C00919084,general,2,0,0
CA,92120,C00919084,primary,2,0,0
CA,92129,C00919084,general,1,0,1
CA,92129,C00919084,primary,1,0,0
CA,92260,C00919084,general,1,1,0
CA,92264,C00919084,general,1,0,0
CA,92270,C00919084,general,2,0,0
CA,92562,C00919084,primary,0,1,0
CA,92623,C00919084,general,1,0,0
CA,92648,C00919084,primary,2,0,0
CA,92657,C00901918,general,1,0,0
CA,92657,C00901918,primary,2,0,0
CA,92657,C00901918,runoff,1,0,0
CA,92782,C00919084,primary,0,1,0
CA,93108,C00919084,general,3,0,0
CA,93108,C00919084,primary,2,0,0
CA,93109,C00919084,general,1,0,0
CA,93286,C00901918,primary,1,0,0
CA,93286,C00901918,runoff,1,0,0
CA,93449,C00919084,general,1,0,0
CA,93611,C00901918,primary,0,1,0
CA,93711,C00919084,general,1,0,0
CA,93950,C00919084,primary,1,0,0
CA,93953,C00919084,general,1,0,0
CA,94002,C00919084,general,1,0,0
CA,94010,C00919084,general,3,0,1
CA,94010,C00919084,primary,1,0,0
CA,94022,C00919084,general,1,0,0
CA,94023,C00919084,general,1,0,0
CA,94024,C00919084,general,2,1,0
CA,94024,C00919084,primary,3,1,0
CA,94025,C00369033,primary,0,1,0
CA,94025,C00919084,general,1,0,0
CA,94025,C00919084,primary,1,0,0
CA,94027,C00369033,primary,1,0,0
CA,94027,C00369033,runoff,1,0,0
CA,94027,C00919084,general,2,0,0
CA,94027,C00919084,primary,1,0,0
CA,94040,C00919084,general,2,0,0
CA,94061,C00919084,general,2,0,0
CA,94062,C00919084,general,6,0,0
CA,94070,C00919084,general,1,0,0
CA,94070,C00919084,primary,1,0,0
CA,94102,C00919084,primary,1,0,0
CA,94103,C00919084,general,1,0,0
CA,94104,C00919084,general,2,0,0
CA,94105,C00369033,primary,1,0,0
CA,94107,C00919084,general,1,0,0
CA,94107,C00919084,primary,1,0,0
CA,94108,C00919084,general,1,0,0
CA,94111,C00919084,general,1,0,0
CA,94114,C00919084,general,5,1,0
CA,94114,C00919084,primary,1,0,0
CA,94115,C00919084,general,5,0,0
CA,94115,C00919084,primary,2,0,0
CA,94116,C00919084,general,2,0,0
CA,94117,C00919084,general,4,0,0
CA,94117,C00919084,primary,1,0,0
CA,94118,C00369033,primary,1,0,0
CA,94118,C00369033,runoff,2,0,0
CA,94118,C00919084,general,1,0,0
CA,94129,C00919084,general,0,1,0
CA,94131,C00919084,general,3,0,0
CA,94133,C00919084,primary,1,0,0
CA,94134,C00919084,general,1,0,0
CA,94140,C00919084,primary,1,0,0
CA,94207,C00919084,general,1,0,0
CA,94301,C00919084,general,4,0,0
CA,94301,C00919084,primary,1,0,0
CA,94303,C00919084,general,1,0,0
CA,94303,C00919084,primary,1,0,0
CA,94305,C00919084,general,1,0,0
CA,94306,C00919084,general,3,0,0
CA,94530,C00369033,primary,1,0,0
CA,94549,C00919084,general,1,0,0
CA,94607,C00919084,general,1,0,0
CA,94610,C00919084,general,2,0,0
CA,94611,C00919084,general,5,1,0
CA,94611,C00919084,primary,1,0,0
CA,94618,C00919084,general,5,0,0
CA,94705,C00919084,general,1,0,0
CA,94706,C00919084,general,1,0,0
CA,94707,C00919084,general,1,0,0
CA,94707,C00919084,primary,1,0,0
CA,94801,C00919084,general,1,0,0
CA,94804,C00919084,general,1,0,0
CA,94901,C00919084,general,2,0,0
CA,94904,C00919084,general,3,0,0
CA,94904,C00919084,primary,1,0,0
CA,94937,C00919084,general,1,0,0
CA,94939,C00919084,general,1,0,0
CA,94941,C00919084,general,2,0,0
CA,94941,C00919084,primary,1,0,0
CA,94960,C00919084,general,1,0,0
CA,95032,C00369033,primary,1,0,0
CA,95060,C00919084,general,1,0,0
CA,95070,C00369033,runoff,1,0,0
CA,95441,C00369033,general,1,0,0
CA,95441,C00369033,primary,1,0,0
CA,95448,C00919084,general,2,0,0
CA,95628,C00919084,general,1,0,0
CA,95683,C00919084,general,1,0,0
CA,95825,C00369033,runoff,1,0,0
CA,95928,C00919084,general,0,1,0
CA,95945,C00919084,general,1,0,0
CA,96080,C00901918,primary,1,0,0
CO,80021,C00369033,general,2,0,0
CO,80021,C00369033,primary,2,0,0
CO,80021,C00369033,runoff,2,0,0
CO,80027,C00919084,general,1,0,0
CO,80111,C00369033,primary,1,0,0
CO,80111,C00369033,runoff,1,0,0
CO,80113,C00369033,primary,1,0,0
CO,80120,C00369033,primary,0,1,0
CO,80123,C00919084,general,1,0,1
CO,80126,C00919084,primary,0,1,0
CO,80134,C00901918,general,1,0,0
CO,80134,C00901918,runoff,1,0,0
CO,80202,C00369033,primary,1,0,0
CO,80202,C00369033,runoff,1,0,0
CO,80206,C00369033,primary,1,0,0
CO,80210,C00901918,primary,1,0,0
CO,80210,C00901918,runoff,1,0,0
CO,80210,C00919084,general,2,0,0
CO,80222,C00919084,general,1,0,0
CO,80228,C00919084,general,1,0,0
CO,80301,C00919084,general,1,0,0
CO,80301,C00919084,primary,1,0,0
CO,80302,C00919084,general,0,1,0
CO,80302,C00919084,primary,1,0,0
CO,80303,C00919084,general,1,0,0
CO,80305,C00919084,primary,1,0,0
CO,80524,C00919084,general,1,0,0
CO,80538,C00919084,general,0,1,0
CO,80642,C00901918,general,2,0,0
CO,80642,C00901918,runoff,2,0,0
CO,81201,C00919084,primary,0,1,0
CO,81211,C00919084,general,1,0,0
CO,81601,C00901918,primary,1,0,0
CO,81601,C00901918,runoff,1,0,0
CO,81611,C00919084,general,1,0,0
CO,81612,C00369033,primary,2,0,0
CO,81623,C00919084,general,1,0,0
CO,81632,C00369033,primary,1,0,0
CO,81632,C00919084,general,0,1,0
CT,06039,C00919084,general,1,0,0
CT,06069,C00369033,primary,1,0,0
CT,06107,C00919084,primary,0,1,0
CT,06793,C00919084,primary,1,0,0
CT,06798,C00919084,primary,1,0,0
CT,06820,C00369033,primary,1,0,0
CT,06824,C00901918,general,1,0,0
CT,06824,C00919084,general,2,0,1
CT,06824,C00919084,primary,2,0,0
CT,06830,C00369033,primary,1,0,0
CT,06830,C00901918,general,2,0,0
CT,06830,C00901918,primary,2,0,0
CT,06830,C00919084,general,2,0,0
CT,06831,C00919084,general,1,1,0
CT,06831,C00919084,primary,1,0,0
CT,06878,C00369033,primary,1,0,0
CT,06878,C00919084,general,2,0,0
CT,06878,C00919084,primary,2,0,0
CT,06880,C00369033,runoff,1,0,0
CT,06880,C00919084,general,1,0,0
CT,06880,C00919084,primary,1,0,0
CT,06903,C00901918,primary,1,0,0
CT,06903,C00901918,runoff,1,0,0
CT,06903,C00919084,primary,1,0,0
DC,20001,C00919084,general,2,0,0
DC,20001,C00919084,primary,1,0,0
DC,20002,C00369033,runoff,1,0,0
DC,20005,C00369033,runoff,1,0,0
DC,20006,C00901918,general,1,0,0
DC,20007,C00369033,primary,1,0,0
DC,20007,C00919084,primary,3,0,0
DC,20008,C00919084,general,6,1,0
DC,20008,C00919084,primary,2,0,0
DC,20009,C00919084,general,2,1,0
DC,20009,C00919084,primary,1,0,0
DC,20015,C00919084,general,1,0,0
DC,20016,C00369033,primary,1,0,0
DC,20016,C00369033,runoff,0,1,0
DC,20016,C00919084,primary,2,0,0
DC,20024,C00901918,general,1,0,0
DC,20024,C00901918,primary,1,0,0
DC,20036,C00919084,primary,1,0,0
FL,32224,C00919084,general,1,0,0
FL,32225,C00901918,general,1,0,0
FL,32225,C00901918,primary,1,0,0
FL,32502,C00901918,primary,1,0,0
FL,32750,C00901918,primary,1,0,0
FL,32750,C00901918,runoff,1,0,0
FL,32789,C00919084,general,1,0,0
FL,32963,C00901918,general,1,0,0
FL,33062,C00369033,primary,1,0,0
FL,33062,C00369033,runoff,1,0,0
FL,33067,C00369033,primary,1,0,0
FL,33133,C00919084,general,1,0,0
FL,33134,C00369033,general,1,0,0
FL,33134,C00369033,runoff,2,0,0
FL,33139,C00901918,primary,1,0,0
FL,33139,C00901918,runoff,1,0,0
FL,33139,C00919084,general,1,0,0
FL,33139,C00919084,primary,1,1,0
FL,33154,C00369033,runoff,2,0,1
FL,33156,C00919084,general,0,1,0
FL,33178,C00369033,primary,1,0,0
FL,33301,C00369033,primary,1,0,0
FL,33301,C00369033,runoff,1,0,0
FL,33401,C00369033,primary,1,0,0
FL,33401,C00369033,runoff,1,0,0
FL,33401,C00901918,runoff,1,0,1
FL,33410,C00369033,runoff,1,0,0
FL,33414,C00369033,primary,1,0,0
FL,33414,C00369033,runoff,1,0,0
FL,33418,C00369033,runoff,3,0,0
FL,33432,C00369033,general,1,0,0
FL,33432,C00369033,primary,1,0,0
FL,33432,C00369033,runoff,1,0,0
FL,33434,C00369033,primary,1,0,0
FL,33462,C00919084,general,2,0,0
FL,33477,C00369033,runoff,1,0,0
FL,33480,C00369033,primary,2,0,0
FL,33480,C00919084,general,1,0,0
FL,33480,C00919084,primary,1,0,0
FL,33483,C00919084,general,1,0,0
FL,33487,C00369033,primary,2,0,0
FL,33487,C00369033,runoff,1,0,0
FL,33487,C00901918,primary,1,0,0
FL,33704,C00369033,primary,1,0,0
FL,33710,C00901918,primary,1,0,0
FL,33710,C00901918,runoff,1,0,0
FL,33755,C00919084,general,1,0,0
FL,33905,C00901918,primary,1,0,0
FL,33905,C00901918,runoff,1,0,0
FL,34102,C00369033,primary,1,0,0
FL,34102,C00919084,general,1,0,0
FL,34108,C00901918,primary,1,0,0
FL,34114,C00369033,primary,1,0,0
FL,34223,C00369033,runoff,0,1,0
FL,34601,C00901918,general,2,0,0
FL,34601,C00901918,primary,2,0,0
FL,34786,C00369033,primary,2,0,0
FL,34996,C00369033,general,1,0,0
FL,34996,C00369033,primary,2,0,0
FL,34996,C00369033,runoff,2,0,0
FL,34996,C00919084,general,1,0,0
GA,30024,C00901918,general,1,0,0
GA,30024,C00901918,primary,1,0,0
GA,30024,C00901918,runoff,1,0,0
GA,30043,C00901918,primary,1,0,0
GA,30064,C00369033,primary,1,0,0
GA,30064,C00369033,runoff,1,0,0
GA,30168,C00369033,runoff,1,1,0
GA,30175,C00901918,runoff,1,0,1
GA,30189,C00369033,primary,1,0,0
GA,30189,C00369033,runoff,1,0,0
GA,30309,C00901918,primary,1,0,0
GA,30309,C00901918,runoff,1,0,0
GA,30319,C00369033,runoff,1,0,0
GA,30319,C00919084,general,1,0,0
GA,30327,C00369033,runoff,0,1,0
GA,30328,C00901918,primary,1,0,0
GA,30339,C00369033,general,1,0,0
GA,30339,C00369033,runoff,1,0,0
GA,30360,C00919084,general,1,0,0
GA,30904,C00919084,primary,0,1,0
IA,50312,C00919084,general,1,0,0
IA,51351,C00901918,primary,1,0,0
ID,83340,C00919084,general,1,0,0
ID,83340,C00919084,primary,1,0,0
ID,83860,C00901918,primary,1,0,0
IL,60010,C00901918,primary,1,0,0
IL,60010,C00901918,runoff,1,0,0
IL,60022,C00369033,runoff,1,0,0
IL,60022,C00919084,general,2,0,1
IL,60025,C00901918,primary,1,0,0
IL,60025,C00901918,runoff,1,0,0
IL,60035,C00369033,general,2,0,0
IL,60035,C00369033,runoff,2,0,0
IL,60043,C00919084,general,0,1,0
IL,60045,C00901918,runoff,1,0,0
IL,60045,C00919084,general,1,0,0
IL,60091,C00919084,general,1,1,0
IL,60091,C00919084,primary,0,1,0
IL,60107,C00901918,primary,2,0,0
IL,60142,C00901918,primary,1,0,0
IL,60302,C00919084,general,2,0,0
IL,60523,C00901918,primary,1,0,0
IL,60601,C00919084,general,1,0,0
IL,60604,C00919084,general,1,0,0
IL,60606,C00369033,primary,1,0,0
IL,60606,C00919084,general,1,0,0
IL,60610,C00919084,general,2,1,0
IL,60610,C00919084,primary,3,0,0
IL,60611,C00919084,general,1,2,0
IL,60611,C00919084,primary,1,0,0
IL,60614,C00919084,general,1,0,0
IL,60615,C00919084,general,1,0,0
IL,60615,C00919084,primary,1,0,0
IL,60622,C00919084,primary,1,0,0
IL,60640,C00919084,general,1,0,0
IL,60654,C00919084,general,0,1,0
IL,61704,C00369033,primary,1,0,0
IL,61704,C00369033,runoff,2,0,0
IL,61801,C00919084,general,1,0,0
KS,66049,C00369033,primary,1,1,0
KS,66049,C00369033,runoff,1,0,0
KS,66211,C00369033,runoff,1,0,0
KS,67202,C00369033,runoff,1,0,0
KS,67206,C00901918,runoff,1,0,0
KY,40059,C00901918,primary,2,0,0
KY,40059,C00901918,runoff,2,0,0
KY,40065,C00369033,primary,1,0,0
KY,40202,C00919084,primary,0,1,0
KY,41017,C00919084,primary,1,0,0
LA,70360,C00919084,general,1,0,0
LA,70518,C00901918,general,1,0,0
LA,70518,C00901918,primary,2,0,0
LA,70518,C00901918,runoff,1,0,0
LA,70601,C00369033,runoff,1,0,0
LA,70810,C00919084,general,1,0,0
MA,01002,C00919084,general,2,0,0
MA,01060,C00919084,general,0,1,0
MA,01062,C00919084,general,1,0,0
MA,01742,C00919084,general,2,0,0
MA,01773,C00919084,general,1,0,0
MA,01773,C00919084,primary,1,0,0
MA,01778,C00919084,general,1,0,0
MA,01929,C00919084,general,1,0,0
MA,02025,C00919084,general,0,1,0
MA,02025,C00919084,primary,0,1,0
MA,02030,C00919084,general,2,0,0
MA,02030,C00919084,primary,2,0,0
MA,02067,C00919084,general,2,0,0
MA,02108,C00919084,general,2,0,0
MA,02109,C00919084,general,1,0,0
MA,02116,C00919084,general,4,0,0
MA,02116,C00919084,primary,0,1,0
MA,02118,C00919084,general,1,0,0
MA,02118,C00919084,primary,1,0,0
MA,02138,C00919084,general,3,0,0
MA,02138,C00919084,primary,1,0,0
MA,02140,C00919084,general,1,1,0
MA,02141,C00919084,general,1,0,0
MA,02152,C00919084,general,1,0,0
MA,02176,C00901918,general,1,0,0
MA,02186,C00919084,general,1,0,0
MA,02199,C00369033,general,1,0,0
MA,02199,C00369033,runoff,1,0,0
MA,02199,C00919084,general,2,0,0
MA,02199,C00919084,primary,2,1,0
MA,02421,C00919084,general,0,1,0
MA,02421,C00919084,primary,1,0,0
MA,02445,C00919084,general,1,0,0
MA,02446,C00369033,primary,3,0,0
MA,02446,C00369033,runoff,3,0,0
MA,02446,C00919084,general,1,0,0
MA,02459,C00919084,primary,1,0,0
MA,02461,C00919084,general,1,0,0
MA,02465,C00919084,general,3,0,0
MA,02465,C00919084,primary,0,1,0
MA,02467,C00919084,general,2,0,0
MA,02474,C00919084,general,1,0,0
MA,02476,C00919084,general,1,0,0
MA,02481,C00919084,primary,0,1,0
MA,02482,C00919084,general,2,0,0
MA,02492,C00919084,general,2,0,0
MA,02493,C00919084,general,1,0,0
MA,02493,C00919084,primary,0,1,0
MA,02535,C00919084,general,0,1,0
MA,02554,C00919084,general,1,0,0
MA,02633,C00919084,primary,1,0,0
MA,02738,C00919084,general,1,0,0
MD,20723,C00919084,primary,1,0,0
MD,20785,C00919084,general,2,0,0
MD,20785,C00919084,primary,0,2,0
MD,20814,C00919084,primary,1,0,0
MD,20815,C00369033,primary,3,0,0
MD,20815,C00369033,runoff,2,0,0
MD,20815,C00919084,general,4,0,0
MD,20815,C00919084,primary,1,0,0
MD,20817,C00369033,runoff,1,0,0
MD,20817,C00919084,general,1,0,0
MD,20817,C00919084,primary,2,0,0
MD,20818,C00919084,general,1,0,0
MD,20852,C00901918,general,1,0,0
MD,20852,C00901918,runoff,1,0,0
MD,20854,C00369033,primary,1,0,0
MD,20854,C00919084,general,2,0,0
MD,20910,C00919084,general,1,1,0
MD,20910,C00919084,primary,1,0,0
MD,21043,C00901918,primary,1,0,0
MD,21043,C00901918,runoff,1,0,0
MD,21044,C00919084,general,1,0,0
MD,21093,C00919084,general,1,0,0
MD,21210,C00919084,general,2,0,0
MD,21228,C00919084,primary,1,0,0
MD,21401,C00919084,general,2,0,0
MD,21403,C00919084,general,0,1,0
MD,21403,C00919084,primary,1,1,0
MD,21601,C00369033,primary,1,0,0
MD,21797,C00919084,general,1,0,0
ME,04074,C00919084,general,1,0,0
ME,04103,C00919084,general,1,0,0
ME,04110,C00919084,general,0,1,0
ME,04660,C00919084,general,1,0,0
MI,48103,C00919084,primary,1,0,0
MI,49107,C00369033,primary,1,0,0
MN,55110,C00919084,general,1,0,0
MN,55112,C00901918,runoff,1,0,0
MN,55343,C00919084,general,1,0,0
MN,55401,C00919084,general,1,0,0
MN,55415,C00919084,general,1,0,0
MN,55422,C00919084,primary,1,0,0
MN,55436,C00919084,general,2,0,0
MN,55436,C00919084,primary,2,0,0
MO,63110,C00919084,general,1,0,0
MO,63131,C00369033,primary,1,0,0
MO,63131,C00901918,primary,1,0,0
MO,63141,C00919084,general,2,0,0
MO,64105,C00919084,general,0,1,0
MO,64105,C00919084,primary,0,1,0
MO,64108,C00901918,general,1,0,0
MO,64108,C00901918,primary,2,0,0
MO,65810,C00901918,primary,1,0,0
MS,39466,C00919084,general,1,0,0
MT,59106,C00919084,general,0,1,0
MT,59106,C00919084,primary,1,0,0
NC,27420,C00919084,general,1,0,0
NC,27517,C00369033,runoff,1,0,0
NC,27539,C00919084,primary,1,0,0
NC,27608,C00919084,primary,0,1,0
NC,27609,C00369033,primary,1,0,0
NC,28226,C00919084,general,1,0,0
NC,28277,C00901918,general,1,0,0
NC,28277,C00901918,primary,2,0,0
NC,28277,C00901918,runoff,1,0,0
NC,28409,C00919084,general,1,0,0
NC,28717,C00919084,general,1,0,1
NC,28717,C00919084,primary,1,0,0
NE,68102,C00919084,general,1,0,0
NE,68132,C00919084,primary,1,0,0
NH,03053,C00919084,general,0,1,0
NH,03450,C00919084,general,1,0,0
NH,03750,C00919084,general,2,0,2
NJ,07030,C00369033,runoff,1,0,0
NJ,07059,C00901918,primary,1,0,0
NJ,07069,C00901918,primary,1,0,0
NJ,07078,C00369033,primary,1,0,0
NJ,07078,C00369033,runoff,2,0,0
NJ,07079,C00919084,general,1,0,0
NJ,07666,C00369033,runoff,1,0,0
NJ,07670,C00919084,general,1,0,0
NJ,07733,C00369033,primary,1,0,0
NJ,07733,C00369033,runoff,1,0,0
NJ,07960,C00919084,general,2,0,0
NJ,08551,C00919084,general,1,0,0
NM,87106,C00919084,primary,0,1,0
NM,87110,C00919084,general,1,0,1
NM,87501,C00901918,general,1,0,0
NM,87501,C00919084,general,1,0,0
NM,87507,C00919084,general,1,0,0
NM,88211,C00901918,general,1,0,0
NV,89052,C00901918,runoff,1,0,0
NV,89109,C00919084,primary,1,0,0
NV,89118,C00369033,primary,1,0,0
NV,89120,C00901918,primary,1,0,0
NV,89120,C00901918,runoff,1,0,0
NV,89133,C00901918,primary,1,0,0
NV,89134,C00901918,primary,1,0,0
NV,89144,C00901918,primary,1,0,0
NV,89145,C00919084,general,1,0,0
NV,89158,C00919084,general,1,0,1
NV,89451,C00919084,general,1,0,0
NV,89502,C00919084,primary,1,0,0
NV,89511,C00919084,general,2,0,0
NV,89705,C00901918,general,2,0,0
NV,89705,C00901918,primary,2,0,0
NY,10001,C00369033,primary,1,0,0
NY,10001,C00369033,runoff,1,0,0
NY,10001,C00919084,general,1,0,0
NY,10002,C00919084,primary,0,1,0
NY,10003,C00919084,general,3,0,0
NY,10003,C00919084,primary,1,0,0
NY,10004,C00369033,runoff,1,0,0
NY,10006,C00919084,general,1,0,0
NY,10010,C00369033,primary,1,0,0
NY,10010,C00919084,primary,1,0,0
NY,10011,C00369033,primary,1,0,0
NY,10011,C00369033,runoff,1,0,0
NY,10011,C00919084,general,4,0,0
NY,10011,C00919084,primary,7,0,0
NY,10012,C00919084,general,2,0,0
NY,10012,C00919084,primary,1,0,0
NY,10013,C00369033,primary,1,0,0
NY,10013,C00369033,runoff,1,0,0
NY,10013,C00901918,general,1,0,0
NY,10013,C00901918,primary,1,0,0
NY,10013,C00919084,general,0,1,0
NY,10014,C00919084,general,2,0,0
NY,10014,C00919084,primary,2,1,0
NY,10016,C00919084,general,1,0,0
NY,10017,C00919084,general,2,0,0
NY,10017,C00919084,primary,3,1,0
NY,10018,C00901918,general,1,0,0
NY,10018,C00901918,primary,1,0,0
NY,10018,C00919084,general,1,0,0
NY,10019,C00369033,primary,4,0,0
NY,10019,C00369033,runoff,5,0,0
NY,10019,C00919084,general,1,0,0
NY,10020,C00919084,general,1,0,0
NY,10021,C00369033,primary,2,0,0
NY,10021,C00369033,runoff,1,0,1
NY,10021,C00919084,general,3,0,0
NY,10021,C00919084,primary,2,0,0
NY,10022,C00369033,primary,1,0,0
NY,10022,C00369033,runoff,2,0,0
NY,10022,C00919084,general,2,0,1
NY,10022,C00919084,primary,1,0,0
NY,10023,C00369033,primary,1,0,0
NY,10023,C00919084,general,7,0,1
NY,10023,C00919084,primary,3,1,0
NY,10024,C00369033,primary,1,0,0
NY,10024,C00919084,general,7,0,0
NY,10024,C00919084,primary,8,0,0
NY,10025,C00919084,general,5,0,0
NY,10025,C00919084,primary,4,0,0
NY,10027,C00919084,general,1,0,0
NY,10028,C00369033,primary,4,0,0
NY,10028,C00919084,general,3,0,0
NY,10028,C00919084,primary,2,0,0
NY,10065,C00369033,primary,1,0,0
NY,10065,C00919084,general,2,0,0
NY,10075,C00369033,primary,3,0,0
NY,10075,C00369033,runoff,3,0,0
NY,10075,C00919084,general,2,0,0
NY,10106,C00919084,general,1,0,0
NY,10118,C00919084,general,1,0,0
NY,10128,C00369033,primary,1,0,0
NY,10128,C00369033,runoff,2,1,0
NY,10128,C00919084,general,1,0,0
NY,10128,C00919084,primary,1,1,0
NY,10153,C00919084,general,1,0,0
NY,10154,C00369033,runoff,1,0,0
NY,10282,C00919084,primary,1,0,0
NY,10471,C00369033,runoff,1,0,0
NY,10514,C00919084,primary,1,0,0
NY,10538,C00369033,runoff,2,0,0
NY,10549,C00919084,primary,1,0,0
NY,10573,C00919084,general,1,0,0
NY,10573,C00919084,primary,1,0,0
NY,10583,C00369033,runoff,1,0,0
NY,10583,C00919084,general,1,0,0
NY,10708,C00919084,general,1,0,0
NY,10960,C00369033,runoff,1,0,0
NY,11020,C00369033,runoff,1,0,0
NY,11021,C00369033,runoff,2,0,0
NY,11042,C00369033,primary,1,0,0
NY,11050,C00919084,general,0,1,0
NY,11050,C00919084,primary,2,0,0
NY,11201,C00919084,general,3,0,0
NY,11201,C00919084,primary,2,0,0
NY,11204,C00901918,general,1,0,0
NY,11204,C00901918,primary,1,0,0
NY,11230,C00369033,runoff,2,0,0
NY,11231,C00919084,general,2,0,0
NY,11231,C00919084,primary,1,0,0
NY,11238,C00919084,general,2,0,0
NY,11238,C00919084,primary,2,0,0
NY,11249,C00919084,primary,1,0,0
NY,11509,C00369033,runoff,1,0,0
NY,11516,C00901918,primary,1,0,0
NY,11516,C00901918,runoff,1,0,0
NY,11530,C00369033,primary,1,0,0
NY,11568,C00369033,runoff,1,0,0
NY,11576,C00369033,primary,1,0,0
NY,11732,C00919084,general,1,0,0
NY,11791,C00919084,general,1,0,0
NY,11792,C00919084,general,0,1,0
NY,11968,C00369033,runoff,1,0,0
NY,12054,C00919084,general,1,0,0
NY,12118,C00919084,general,1,0,0
NY,12546,C00919084,general,2,0,0
NY,12572,C00919084,general,2,0,0
NY,12601,C00919084,general,1,0,0
NY,12601,C00919084,primary,1,0,0
NY,12936,C00901918,general,1,0,1
NY,14534,C00919084,primary,1,0,0
NY,14870,C00919084,general,1,0,0
OH,43212,C00919084,general,0,1,0
OH,44022,C00369033,runoff,1,0,0
OH,44116,C00919084,general,1,0,0
OH,44122,C00919084,general,2,0,0
OH,44124,C00369033,runoff,1,0,0
OH,44256,C00369033,primary,1,0,0
OH,44256,C00369033,runoff,1,0,0
OH,44333,C00919084,general,1,0,0
OH,44406,C00901918,runoff,1,0,0
OH,45208,C00919084,general,1,0,0
OK,73071,C00919084,general,1,0,0
OK,73111,C00919084,general,1,0,0
OK,73142,C00369033,primary,1,0,0
OK,73173,C00901918,runoff,1,0,0
OK,74114,C00369033,primary,1,0,0
OK,74119,C00369033,primary,1,0,0
OK,74119,C00369033,runoff,1,0,0
OK,74137,C00901918,primary,1,0,0
OR,97031,C00919084,primary,1,0,0
OR,97116,C00919084,general,0,1,0
OR,97219,C00919084,primary,1,0,0
OR,97388,C00901918,primary,1,0,0
OR,97702,C00919084,general,0,1,0
PA,15010,C00919084,primary,0,1,0
PA,15208,C00919084,general,2,0,0
PA,15238,C00369033,runoff,1,0,0
PA,17055,C00901918,general,3,0,0
PA,17055,C00901918,runoff,3,0,0
PA,17842,C00901918,general,1,0,0
PA,17842,C00901918,primary,1,0,0
PA,17842,C00901918,runoff,1,0,1
PA,18920,C00919084,general,1,0,1
PA,19006,C00919084,general,1,0,0
PA,19067,C00919084,general,1,0,0
PA,19072,C00901918,primary,1,0,0
PA,19072,C00901918,runoff,1,0,0
PA,19073,C00901918,primary,1,0,0
PA,19096,C00919084,primary,1,0,0
PA,19103,C00369033,primary,1,0,0
PA,19103,C00919084,general,1,0,0
PA,19312,C00901918,general,1,0,0
PA,19312,C00901918,primary,1,0,0
PA,19355,C00919084,general,1,0,0
PA,19380,C00919084,primary,1,0,0
PR,00646,C00369033,runoff,2,0,0
PR,00646,C00919084,general,1,0,0
PR,00721,C00901918,primary,1,0,0
PR,00927,C00919084,general,1,0,0
RI,02835,C00919084,general,1,0,0
RI,02906,C00369033,primary,1,0,0
SC,29455,C00919084,general,1,0,0
SC,29455,C00919084,primary,1,0,0
SC,29482,C00919084,general,1,1,0
SC,29661,C00919084,primary,1,0,0
SC,29710,C00901918,general,1,0,0
SC,29710,C00901918,primary,1,0,0
SC,29910,C00919084,general,1,0,0
SC,57108,C00369033,general,1,0,0
SC,57108,C00369033,primary,1,0,0
TN,37027,C00901918,runoff,1,0,0
TN,37066,C00901918,primary,1,0,0
TN,37066,C00901918,runoff,1,0,0
TN,37129,C00919084,general,0,1,0
TN,37203,C00901918,runoff,1,0,1
TN,37205,C00919084,general,4,0,0
TN,37212,C00919084,primary,1,0,0
TN,37220,C00369033,primary,1,0,0
TN,37350,C00919084,general,1,0,0
TN,37350,C00919084,primary,1,0,0
TN,37402,C00919084,primary,1,0,0
TN,37419,C00901918,general,2,0,0
TN,37419,C00901918,primary,2,0,0
TN,37803,C00919084,general,1,0,0
TN,37902,C00919084,general,1,0,0
TN,37919,C00919084,general,1,0,0
TN,37919,C00919084,primary,1,0,0
TN,37923,C00919084,primary,1,0,0
TN,38117,C00919084,general,1,0,0
TX,75001,C00901918,general,2,0,0
TX,75001,C00901918,primary,4,0,0
TX,75001,C00901918,runoff,1,0,0
TX,75002,C00901918,primary,3,0,0
TX,75002,C00901918,runoff,2,0,0
TX,75006,C00901918,primary,0,1,0
TX,75009,C00901918,general,2,0,0
TX,75009,C00901918,primary,3,0,0
TX,75015,C00901918,general,2,0,0
TX,75015,C00901918,primary,2,0,0
TX,75019,C00901918,general,1,0,0
TX,75019,C00901918,primary,1,0,0
TX,75019,C00901918,runoff,2,0,0
TX,75022,C00901918,primary,1,0,0
TX,75022,C00901918,runoff,0,1,0
TX,75023,C00901918,general,1,0,2
TX,75023,C00901918,primary,1,0,0
TX,75023,C00901918,runoff,1,0,0
TX,75023,C00919084,general,1,0,0
TX,75024,C00369033,primary,1,0,0
TX,75024,C00901918,general,1,0,0
TX,75024,C00901918,primary,3,0,0
TX,75024,C00901918,runoff,2,0,0
TX,75024,C00919084,general,1,0,0
TX,75025,C00901918,primary,2,0,0
TX,75025,C00901918,runoff,3,0,0
TX,75028,C00901918,primary,1,0,0
TX,75028,C00919084,general,1,0,0
TX,75032,C00369033,runoff,1,0,0
TX,75032,C00919084,general,1,0,0
TX,75033,C00901918,primary,5,0,0
TX,75033,C00901918,runoff,4,0,0
TX,75033,C00919084,primary,1,0,0
TX,75034,C00901918,general,2,0,0
TX,75034,C00901918,primary,9,0,0
TX,75034,C00901918,runoff,3,0,2
TX,75034,C00919084,primary,0,1,0
TX,75035,C00369033,primary,1,0,0
TX,75035,C00901918,primary,2,0,0
TX,75035,C00901918,runoff,1,0,0
TX,75035,C00919084,primary,0,1,0
TX,75036,C00901918,primary,1,0,0
TX,75036,C00901918,runoff,1,0,0
TX,75038,C00901918,primary,1,0,0
TX,75038,C00901918,runoff,1,0,0
TX,75038,C00919084,general,1,0,0
TX,75046,C00369033,primary,1,0,0
TX,75046,C00369033,runoff,1,0,0
TX,75051,C00901918,runoff,1,0,1
TX,75056,C00901918,primary,2,0,0
TX,75056,C00919084,general,1,1,0
TX,75063,C00369033,primary,1,0,0
TX,75065,C00901918,primary,1,0,1
TX,75065,C00919084,general,1,0,1
TX,75068,C00369033,primary,1,0,0
TX,75068,C00901918,general,1,0,0
TX,75069,C00901918,general,1,0,0
TX,75069,C00901918,primary,5,0,0
TX,75069,C00901918,runoff,4,0,0
TX,75069,C00919084,primary,0,2,0
TX,75070,C00901918,general,1,0,0
TX,75070,C00901918,primary,3,0,0
TX,75070,C00901918,runoff,1,1,0
TX,75071,C00901918,primary,1,0,0
TX,75072,C00901918,primary,1,0,0
TX,75077,C00369033,primary,1,0,0
TX,75077,C00369033,runoff,1,0,0
TX,75078,C00901918,general,2,0,0
TX,75078,C00901918,primary,4,0,0
TX,75078,C00901918,runoff,2,0,0
TX,75088,C00901918,primary,1,0,0
TX,75088,C00901918,runoff,1,0,0
TX,75089,C00919084,primary,1,0,0
TX,75093,C00369033,primary,1,0,0
TX,75093,C00901918,general,4,0,0
TX,75093,C00901918,primary,14,0,0
TX,75093,C00901918,runoff,4,0,0
TX,75093,C00919084,primary,0,1,0
TX,75094,C00901918,primary,2,0,0
TX,75098,C00901918,primary,2,0,0
TX,75098,C00919084,general,2,0,0
TX,75115,C00919084,general,1,0,0
TX,75115,C00919084,primary,1,0,0
TX,75126,C00919084,general,0,1,0
TX,75137,C00901918,general,1,0,0
TX,75137,C00901918,primary,2,0,0
TX,75137,C00901918,runoff,2,0,0
TX,75138,C00919084,general,1,0,0
TX,75150,C00919084,general,0,1,0
TX,75168,C00901918,general,1,0,0
TX,75168,C00901918,primary,2,0,0
TX,75168,C00901918,runoff,1,0,0
TX,75201,C00369033,primary,1,0,0
TX,75201,C00369033,runoff,2,0,0
TX,75201,C00901918,general,5,0,1
TX,75201,C00901918,primary,8,0,0
TX,75201,C00901918,runoff,7,0,0
TX,75201,C00919084,general,6,2,0
TX,75201,C00919084,primary,2,5,0
TX,75202,C00919084,primary,1,0,0
TX,75204,C00919084,general,6,1,0
TX,75204,C00919084,primary,6,0,0
TX,75205,C00369033,primary,1,0,0
TX,75205,C00369033,runoff,7,0,0
TX,75205,C00901918,general,11,0,1
TX,75205,C00901918,primary,25,1,0
TX,75205,C00901918,runoff,16,0,1
TX,75205,C00919084,general,18,2,2
TX,75205,C00919084,primary,9,0,0
TX,75206,C00369033,runoff,0,1,0
TX,75206,C00901918,primary,1,0,0
TX,75206,C00901918,runoff,3,0,1
TX,75206,C00919084,primary,3,0,0
TX,75207,C00901918,primary,1,0,0
TX,75207,C00901918,runoff,1,0,0
TX,75208,C00901918,general,2,0,1
TX,75208,C00901918,primary,2,0,0
TX,75208,C00901918,runoff,1,0,0
TX,75208,C00919084,general,3,0,0
TX,75209,C00369033,primary,1,0,0
TX,75209,C00369033,runoff,1,0,0
TX,75209,C00901918,general,3,0,0
TX,75209,C00901918,primary,3,0,0
TX,75209,C00901918,runoff,2,0,0
TX,75209,C00919084,general,11,3,0
TX,75209,C00919084,primary,11,3,0
TX,75210,C00901918,primary,1,0,0
TX,75210,C00901918,runoff,1,0,0
TX,75214,C00369033,runoff,1,0,0
TX,75214,C00919084,general,12,4,1
TX,75214,C00919084,primary,9,4,0
TX,75217,C00901918,primary,1,0,0
TX,75217,C00901918,runoff,1,0,0
TX,75219,C00369033,primary,3,0,0
TX,75219,C00369033,runoff,3,0,0
TX,75219,C00901918,general,3,0,0
TX,75219,C00901918,primary,7,0,0
TX,75219,C00901918,runoff,4,0,0
TX,75219,C00919084,general,5,0,0
TX,75219,C00919084,primary,13,3,0
TX,75220,C00369033,general,1,0,0
TX,75220,C00369033,primary,3,0,0
TX,75220,C00369033,runoff,3,0,0
TX,75220,C00901918,general,4,0,0
TX,75220,C00901918,primary,6,0,0
TX,75220,C00919084,general,4,2,0
TX,75220,C00919084,primary,2,1,0
TX,75225,C00369033,primary,1,0,0
TX,75225,C00369033,runoff,3,2,0
TX,75225,C00901918,general,6,0,0
TX,75225,C00901918,primary,24,0,1
TX,75225,C00901918,runoff,15,0,1
TX,75225,C00919084,general,5,1,0
TX,75225,C00919084,primary,9,3,0
TX,75229,C00369033,general,1,0,0
TX,75229,C00369033,primary,5,0,0
TX,75229,C00369033,runoff,1,0,0
TX,75229,C00901918,general,2,0,0
TX,75229,C00901918,primary,16,0,0
TX,75229,C00901918,runoff,12,0,0
TX,75229,C00919084,general,10,0,0
TX,75229,C00919084,primary,4,4,0
TX,75230,C00369033,primary,5,0,0
TX,75230,C00369033,runoff,5,0,0
TX,75230,C00901918,general,6,0,0
TX,75230,C00901918,primary,6,0,0
TX,75230,C00901918,runoff,3,0,0
TX,75230,C00919084,general,6,3,1
TX,75230,C00919084,primary,6,2,0
TX,75231,C00369033,runoff,1,0,0
TX,75231,C00919084,primary,1,0,0
TX,75234,C00901918,primary,1,0,0
TX,75234,C00901918,runoff,1,0,0
TX,75234,C00919084,primary,1,0,0
TX,75235,C00369033,runoff,1,0,0
TX,75235,C00901918,primary,1,0,0
TX,75235,C00901918,runoff,1,0,0
TX,75238,C00901918,primary,1,0,0
TX,75240,C00901918,primary,2,1,0
TX,75240,C00901918,runoff,2,0,0
TX,75243,C00919084,general,2,0,0
TX,75243,C00919084,primary,0,1,0
TX,75244,C00901918,primary,1,0,0
TX,75244,C00919084,general,1,0,0
TX,75244,C00919084,primary,1,0,0
TX,75247,C00919084,general,1,0,0
TX,75248,C00369033,primary,1,0,0
TX,75248,C00369033,runoff,1,0,0
TX,75248,C00901918,general,5,0,0
TX,75248,C00901918,primary,11,0,0
TX,75248,C00901918,runoff,4,1,0
TX,75248,C00919084,general,3,3,0
TX,75248,C00919084,primary,5,0,0
TX,75252,C00901918,general,1,0,0
TX,75252,C00901918,primary,2,0,0
TX,75252,C00901918,runoff,1,0,0
TX,75254,C00901918,general,1,0,0
TX,75254,C00901918,primary,5,0,0
TX,75254,C00901918,runoff,2,0,0
TX,75287,C00901918,primary,1,0,0
TX,75287,C00901918,runoff,1,0,0
TX,75367,C00919084,general,0,1,0
TX,75367,C00919084,primary,0,2,0
TX,75379,C00369033,runoff,1,0,0
TX,75380,C00919084,general,1,0,0
TX,75380,C00919084,primary,1,0,0
TX,75402,C00919084,primary,1,0,0
TX,75442,C00919084,general,1,0,0
TX,75454,C00901918,primary,2,0,0
TX,75454,C00901918,runoff,2,0,0
TX,75455,C00901918,primary,4,0,0
TX,75455,C00901918,runoff,2,0,0
TX,75460,C00919084,general,0,1,0
TX,75461,C00901918,primary,1,0,0
TX,75461,C00901918,runoff,1,0,0
TX,75462,C00901918,primary,2,0,0
TX,75482,C00901918,primary,2,0,0
TX,75482,C00901918,runoff,2,0,0
TX,75495,C00901918,general,2,0,0
TX,75495,C00901918,primary,2,0,0
TX,75501,C00901918,general,2,0,0
TX,75501,C00901918,primary,2,0,0
TX,75501,C00901918,runoff,2,2,0
TX,75501,C00919084,general,1,0,0
TX,75503,C00901918,general,2,0,0
TX,75503,C00901918,primary,4,0,0
TX,75503,C00901918,runoff,2,0,0
TX,75601,C00919084,general,1,0,0
TX,75601,C00919084,primary,1,0,0
TX,75638,C00901918,primary,4,0,0
TX,75644,C00901918,primary,1,0,0
TX,75644,C00901918,runoff,1,0,0
TX,75657,C00901918,primary,1,0,0
TX,75657,C00901918,runoff,1,0,0
TX,75671,C00919084,general,0,1,0
TX,75672,C00919084,general,1,0,0
TX,75701,C00369033,primary,1,0,0
TX,75701,C00919084,general,1,1,0
TX,75703,C00901918,primary,7,1,0
TX,75703,C00901918,runoff,6,0,0
TX,75703,C00919084,general,0,1,0
TX,75751,C00919084,general,1,0,0
TX,75751,C00919084,primary,0,1,0
TX,75752,C00901918,general,1,0,0
TX,75752,C00901918,primary,1,0,0
TX,75789,C00901918,primary,1,0,0
TX,75789,C00901918,runoff,1,0,0
TX,75789,C00919084,primary,1,0,0
TX,75791,C00901918,primary,2,0,0
TX,75791,C00901918,runoff,2,0,0
TX,75835,C00901918,primary,1,0,0
TX,75835,C00901918,runoff,1,0,0
TX,75835,C00919084,primary,0,1,0
TX,75859,C00901918,primary,1,0,0
TX,75901,C00919084,general,0,1,0
TX,75901,C00919084,primary,1,0,0
TX,75902,C00919084,general,1,0,0
TX,75948,C00901918,primary,1,0,0
TX,75963,C00901918,primary,1,0,0
TX,75963,C00901918,runoff,1,0,0
TX,75965,C00901918,general,2,0,0
TX,75965,C00901918,runoff,2,0,0
TX,76005,C00919084,primary,1,0,0
TX,76013,C00919084,general,0,1,0
TX,76016,C00919084,general,2,0,0
TX,76016,C00919084,primary,1,1,0
TX,76021,C00369033,primary,1,0,0
TX,76021,C00369033,runoff,1,0,0
TX,76021,C00901918,primary,1,0,0
TX,76021,C00901918,runoff,0,1,0
TX,76023,C00901918,primary,2,0,0
TX,76023,C00901918,runoff,2,0,0
TX,76034,C00901918,primary,1,0,0
TX,76049,C00901918,primary,2,0,0
TX,76049,C00901918,runoff,2,0,0
TX,76049,C00919084,general,2,0,2
TX,76063,C00919084,general,0,1,0
TX,76063,C00919084,primary,0,1,0
TX,76065,C00901918,primary,1,0,0
TX,76065,C00901918,runoff,1,0,0
TX,76086,C00369033,general,1,0,0
TX,76086,C00369033,runoff,1,0,0
TX,76086,C00901918,primary,1,0,0
TX,76086,C00901918,runoff,2,0,0
TX,76092,C00901918,general,1,0,0
TX,76092,C00901918,primary,13,2,0
TX,76092,C00901918,runoff,9,0,0
TX,76101,C00369033,primary,0,1,0
TX,76101,C00919084,primary,1,0,0
TX,76102,C00901918,runoff,1,0,0
TX,76107,C00369033,primary,1,0,0
TX,76107,C00901918,general,2,0,0
TX,76107,C00901918,primary,3,1,0
TX,76107,C00901918,runoff,1,0,0
TX,76107,C00919084,general,2,1,0
TX,76107,C00919084,primary,0,1,0
TX,76109,C00901918,general,1,0,0
TX,76109,C00901918,primary,6,0,0
TX,76109,C00901918,runoff,6,0,0
TX,76109,C00919084,general,3,0,0
TX,76110,C00919084,general,1,0,0
TX,76110,C00919084,primary,1,0,0
TX,76112,C00901918,primary,1,0,0
TX,76114,C00901918,primary,1,0,0
TX,76114,C00901918,runoff,1,0,0
TX,76114,C00919084,primary,1,0,0
TX,76116,C00919084,general,1,0,0
TX,76120,C00901918,general,1,0,0
TX,76120,C00901918,primary,1,0,0
TX,76126,C00901918,primary,2,0,0
TX,76126,C00901918,runoff,2,0,0
TX,76132,C00369033,runoff,1,0,0
TX,76132,C00919084,general,1,0,0
TX,76179,C00369033,runoff,1,0,0
TX,76179,C00901918,general,0,1,0
TX,76179,C00901918,primary,0,1,0
TX,76179,C00901918,runoff,0,1,0
TX,76202,C00919084,general,1,0,0
TX,76205,C00919084,primary,1,1,0
TX,76207,C00919084,general,0,1,0
TX,76207,C00919084,primary,0,1,0
TX,76226,C00901918,primary,5,0,0
TX,76226,C00901918,runoff,3,0,0
TX,76227,C00901918,primary,1,0,0
TX,76227,C00901918,runoff,1,0,0
TX,76227,C00919084,general,1,0,0
TX,76234,C00919084,general,3,0,0
TX,76240,C00901918,primary,4,0,0
TX,76240,C00901918,runoff,2,0,0
TX,76244,C00919084,general,1,0,0
TX,76248,C00901918,general,1,0,0
TX,76248,C00901918,primary,3,0,0
TX,76248,C00901918,runoff,2,0,0
TX,76248,C00919084,general,0,1,0
TX,76262,C00369033,primary,1,0,0
TX,76262,C00369033,runoff,1,0,0
TX,76262,C00901918,primary,1,0,0
TX,76262,C00901918,runoff,1,0,0
TX,76262,C00919084,general,1,0,1
TX,76262,C00919084,primary,0,1,0
TX,76302,C00901918,general,2,0,0
TX,76302,C00901918,primary,2,0,0
TX,76308,C00901918,runoff,1,0,0
TX,76366,C00901918,primary,1,0,0
TX,76366,C00901918,runoff,1,0,0
TX,76433,C00369033,runoff,0,1,0
TX,76437,C00901918,general,2,0,0
TX,76437,C00901918,primary,2,0,0
TX,76483,C00369033,primary,1,0,0
TX,76502,C00919084,primary,1,0,0
TX,76528,C00901918,general,1,0,0
TX,76528,C00901918,primary,2,0,0
TX,76528,C00901918,runoff,1,0,0
TX,76550,C00369033,runoff,1,0,0
TX,76557,C00919084,primary,1,0,0
TX,76634,C00901918,general,1,0,0
TX,76634,C00901918,primary,1,0,1
TX,76657,C00919084,general,2,0,0
TX,76657,C00919084,primary,2,0,0
TX,76701,C00901918,primary,2,0,0
TX,76701,C00901918,runoff,2,0,0
TX,76708,C00901918,primary,2,0,0
TX,76708,C00901918,runoff,2,0,0
TX,76710,C00919084,general,1,0,0
TX,76710,C00919084,primary,1,0,0
TX,76801,C00901918,primary,1,0,0
TX,76801,C00901918,runoff,1,0,0
TX,77002,C00901918,primary,5,0,0
TX,77002,C00901918,runoff,1,0,0
TX,77002,C00919084,general,1,1,0
TX,77002,C00919084,primary,1,1,1
TX,77003,C00919084,general,1,1,1
TX,77004,C00369033,runoff,1,0,0
TX,77004,C00901918,primary,0,1,0
TX,77004,C00919084,general,4,0,0
TX,77004,C00919084,primary,0,4,0
TX,77005,C00369033,primary,2,0,0
TX,77005,C00369033,runoff,3,0,0
TX,77005,C00901918,general,2,0,0
TX,77005,C00901918,primary,5,0,0
TX,77005,C00901918,runoff,2,0,0
TX,77005,C00919084,general,22,1,2
TX,77005,C00919084,primary,9,3,0
TX,77006,C00901918,primary,1,0,0
TX,77006,C00901918,runoff,1,0,0
TX,77006,C00919084,general,4,0,0
TX,77006,C00919084,primary,4,0,0
TX,77007,C00369033,primary,1,0,0
TX,77007,C00901918,general,1,0,0
TX,77007,C00901918,primary,6,0,0
TX,77007,C00901918,runoff,5,0,0
TX,77007,C00919084,general,4,0,1
TX,77007,C00919084,primary,1,1,0
TX,77008,C00901918,primary,2,0,0
TX,77008,C00919084,general,3,0,0
TX,77008,C00919084,primary,0,2,0
TX,77009,C00919084,primary,0,1,0
TX,77010,C00369033,primary,2,0,0
TX,77010,C00901918,runoff,1,0,0
TX,77010,C00919084,general,2,2,0
TX,77010,C00919084,primary,1,1,0
TX,77013,C00901918,general,0,1,0
TX,77013,C00901918,primary,0,1,0
TX,77013,C00901918,runoff,1,0,0
TX,77018,C00919084,general,1,1,0
TX,77018,C00919084,primary,0,1,0
TX,77019,C00369033,primary,2,0,0
TX,77019,C00369033,runoff,1,0,0
TX,77019,C00901918,general,1,0,0
TX,77019,C00901918,primary,9,0,0
TX,77019,C00901918,runoff,7,0,0
TX,77019,C00919084,general,30,2,2
TX,77019,C00919084,primary,10,5,0
TX,77020,C00369033,runoff,1,0,0
TX,77023,C00919084,general,2,0,0
TX,77023,C00919084,primary,0,1,0
TX,77024,C00369033,primary,4,0,0
TX,77024,C00369033,runoff,5,0,0
TX,77024,C00901918,general,4,0,0
TX,77024,C00901918,primary,8,0,0
TX,77024,C00901918,runoff,2,0,0
TX,77024,C00919084,general,15,2,2
TX,77024,C00919084,primary,5,4,0
TX,77025,C00901918,primary,1,0,0
TX,77025,C00901918,runoff,1,0,0
TX,77025,C00919084,general,3,0,0
TX,77027,C00369033,primary,1,0,0
TX,77027,C00369033,runoff,3,0,0
TX,77027,C00901918,general,2,0,0
TX,77027,C00901918,primary,6,0,1
TX,77027,C00901918,runoff,5,0,0
TX,77027,C00919084,general,17,2,0
TX,77027,C00919084,primary,7,2,0
TX,77030,C00919084,general,2,1,0
TX,77030,C00919084,primary,1,2,0
TX,77040,C00901918,primary,2,0,0
TX,77040,C00901918,runoff,2,0,0
TX,77040,C00919084,general,1,0,0
TX,77041,C00369033,runoff,1,0,0
TX,77041,C00901918,primary,1,0,0
TX,77043,C00901918,primary,0,1,0
TX,77043,C00919084,general,2,0,0
TX,77043,C00919084,primary,1,0,0
TX,77046,C00369033,runoff,2,0,0
TX,77055,C00919084,general,1,1,0
TX,77055,C00919084,primary,1,0,0
TX,77056,C00369033,primary,1,0,0
TX,77056,C00369033,runoff,5,1,0
TX,77056,C00901918,general,3,0,2
TX,77056,C00901918,primary,5,1,0
TX,77056,C00901918,runoff,5,1,0
TX,77056,C00919084,general,8,1,2
TX,77056,C00919084,primary,0,1,0
TX,77057,C00369033,primary,1,0,0
TX,77057,C00369033,runoff,1,0,0
TX,77057,C00901918,general,2,0,0
TX,77057,C00901918,primary,3,0,0
TX,77057,C00901918,runoff,2,0,1
TX,77057,C00919084,general,1,0,0
TX,77057,C00919084,primary,1,0,0
TX,77059,C00901918,primary,1,0,0
TX,77059,C00901918,runoff,1,0,0
TX,77059,C00919084,primary,1,0,0
TX,77063,C00369033,runoff,1,0,0
TX,77068,C00901918,primary,2,0,0
TX,77068,C00901918,runoff,2,0,0
TX,77070,C00919084,primary,0,1,0
TX,77077,C00919084,general,1,0,0
TX,77077,C00919084,primary,0,1,0
TX,77078,C00919084,general,0,1,0
TX,77079,C00901918,primary,1,0,0
TX,77079,C00919084,general,3,0,1
TX,77079,C00919084,primary,1,0,0
TX,77081,C00901918,general,2,0,0
TX,77081,C00901918,primary,2,0,0
TX,77086,C00901918,primary,2,0,0
TX,77086,C00901918,runoff,1,0,0
TX,77092,C00919084,general,1,0,1
TX,77096,C00369033,primary,0,1,0
TX,77096,C00369033,runoff,1,0,0
TX,77096,C00901918,runoff,1,0,0
TX,77096,C00919084,general,2,0,0
TX,77096,C00919084,primary,0,1,0
TX,77098,C00901918,primary,2,0,0
TX,77098,C00901918,runoff,2,0,0
TX,77098,C00919084,general,9,1,1
TX,77098,C00919084,primary,2,2,0
TX,77210,C00919084,general,1,1,0
TX,77210,C00919084,primary,0,1,0
TX,77219,C00919084,primary,1,0,0
TX,77227,C00901918,primary,1,0,0
TX,77227,C00919084,general,1,0,0
TX,77227,C00919084,primary,1,0,0
TX,77230,C00901918,primary,2,0,0
TX,77230,C00901918,runoff,2,0,0
TX,77254,C00919084,general,1,0,0
TX,77256,C00901918,runoff,1,0,1
TX,77301,C00901918,general,1,0,0
TX,77301,C00901918,primary,2,0,0
TX,77301,C00901918,runoff,1,0,0
TX,77304,C00369033,primary,1,0,0
TX,77304,C00901918,primary,2,0,0
TX,77304,C00901918,runoff,1,0,0
TX,77316,C00901918,general,1,0,0
TX,77316,C00901918,primary,3,0,0
TX,77316,C00901918,runoff,3,0,0
TX,77318,C00901918,primary,1,0,0
TX,77340,C00901918,general,2,0,0
TX,77340,C00901918,primary,2,0,0
TX,77345,C00919084,primary,1,0,0
TX,77351,C00919084,general,2,0,0
TX,77351,C00919084,primary,0,1,0
TX,77356,C00901918,primary,2,0,0
TX,77356,C00901918,runoff,1,0,0
TX,77356,C00919084,general,2,0,1
TX,77356,C00919084,primary,1,0,0
TX,77377,C00901918,primary,2,0,0
TX,77377,C00901918,runoff,2,0,0
TX,77377,C00919084,general,1,0,0
TX,77380,C00901918,primary,3,0,0
TX,77380,C00919084,general,0,2,0
TX,77381,C00901918,general,1,0,0
TX,77381,C00919084,general,6,1,0
TX,77382,C00901918,primary,1,0,0
TX,77382,C00901918,runoff,1,0,0
TX,77384,C00901918,primary,1,0,0
TX,77384,C00901918,runoff,1,0,0
TX,77386,C00919084,general,1,0,1
TX,77386,C00919084,primary,2,1,0
TX,77387,C00901918,primary,0,1,0
TX,77389,C00901918,primary,2,0,0
TX,77401,C00369033,general,1,0,0
TX,77401,C00369033,primary,1,0,0
TX,77401,C00369033,runoff,2,0,0
TX,77401,C00901918,general,1,0,0
TX,77401,C00901918,primary,1,0,0
TX,77401,C00919084,general,7,2,0
TX,77401,C00919084,primary,2,0,0
TX,77418,C00901918,primary,3,0,0
TX,77418,C00901918,runoff,2,0,0
TX,77426,C00901918,primary,1,0,0
TX,77429,C00369033,runoff,1,0,0
TX,77429,C00901918,primary,1,0,0
TX,77441,C00901918,primary,2,0,0
TX,77450,C00901918,runoff,1,0,1
TX,77450,C00919084,general,0,1,0
TX,77450,C00919084,primary,1,0,0
TX,77459,C00901918,primary,2,0,0
TX,77459,C00919084,primary,1,0,0
TX,77478,C00901918,general,2,0,0
TX,77478,C00901918,primary,1,0,0
TX,77478,C00901918,runoff,1,0,0
TX,77479,C00901918,primary,1,0,0
TX,77479,C00901918,runoff,1,0,0
TX,77479,C00919084,general,2,0,0
TX,77479,C00919084,primary,1,0,0
TX,77494,C00369033,runoff,1,0,0
TX,77494,C00901918,general,0,1,0
TX,77494,C00901918,primary,2,1,0
TX,77494,C00901918,runoff,2,1,0
TX,77494,C00919084,general,1,1,0
TX,77494,C00919084,primary,1,1,0
TX,77508,C00901918,primary,1,0,0
TX,77508,C00901918,runoff,1,0,0
TX,77546,C00901918,primary,1,0,0
TX,77546,C00901918,runoff,1,0,0
TX,77550,C00919084,general,1,0,0
TX,77550,C00919084,primary,1,0,0
TX,77565,C00901918,primary,1,0,0
TX,77584,C00919084,general,2,1,0
TX,77584,C00919084,primary,1,0,0
TX,77588,C00901918,primary,1,0,0
TX,77588,C00901918,runoff,1,0,0
TX,77657,C00901918,primary,1,0,0
TX,77657,C00901918,runoff,1,0,0
TX,77701,C00919084,general,1,0,0
TX,77705,C00369033,primary,1,0,0
TX,77705,C00369033,runoff,2,0,0
TX,77706,C00901918,general,1,0,0
TX,77706,C00901918,primary,1,0,1
TX,77706,C00919084,general,2,0,0
TX,77807,C00919084,general,1,0,1
TX,77845,C00919084,general,1,0,0
TX,77871,C00901918,primary,1,0,0
TX,77871,C00901918,runoff,1,0,0
TX,77901,C00919084,general,1,0,0
TX,77901,C00919084,primary,0,1,0
TX,77954,C00901918,primary,1,0,0
TX,78006,C00369033,runoff,1,0,0
TX,78006,C00901918,primary,1,0,0
TX,78006,C00919084,general,2,0,0
TX,78006,C00919084,primary,1,0,0
TX,78014,C00901918,primary,2,0,0
TX,78023,C00369033,primary,1,0,0
TX,78028,C00369033,runoff,0,1,0
TX,78028,C00919084,primary,2,0,0
TX,78040,C00369033,primary,1,0,0
TX,78041,C00901918,general,1,0,0
TX,78041,C00901918,primary,1,0,0
TX,78058,C00919084,general,1,0,0
TX,78058,C00919084,primary,1,0,0
TX,78072,C00369033,primary,1,0,0
TX,78132,C00919084,general,2,0,0
TX,78163,C00901918,runoff,1,0,0
TX,78163,C00919084,primary,1,0,0
TX,78201,C00919084,general,1,0,0
TX,78201,C00919084,primary,1,0,0
TX,78205,C00919084,primary,0,1,0
TX,78209,C00369033,general,0,1,0
TX,78209,C00369033,primary,1,0,0
TX,78209,C00369033,runoff,4,1,2
TX,78209,C00901918,general,2,0,0
TX,78209,C00901918,primary,4,1,0
TX,78209,C00901918,runoff,1,0,0
TX,78209,C00919084,general,4,3,1
TX,78209,C00919084,primary,4,2,0
TX,78212,C00369033,runoff,0,1,0
TX,78212,C00901918,general,2,0,0
TX,78212,C00901918,primary,3,0,0
TX,78212,C00901918,runoff,4,0,1
TX,78212,C00919084,general,0,1,0
TX,78216,C00901918,primary,3,0,0
TX,78216,C00901918,runoff,3,0,0
TX,78218,C00901918,primary,3,0,0
TX,78218,C00901918,runoff,1,0,0
TX,78218,C00919084,general,1,0,0
TX,78218,C00919084,primary,1,0,0
TX,78230,C00901918,runoff,2,0,0
TX,78232,C00919084,general,0,1,0
TX,78245,C00919084,general,0,1,0
TX,78245,C00919084,primary,0,1,0
TX,78251,C00919084,general,1,0,0
TX,78253,C00919084,general,0,1,0
TX,78255,C00901918,primary,1,0,0
TX,78255,C00901918,runoff,1,0,0
TX,78257,C00901918,primary,1,0,1
TX,78257,C00901918,runoff,2,0,1
TX,78257,C00919084,primary,1,0,0
TX,78258,C00919084,general,1,0,0
TX,78258,C00919084,primary,1,0,0
TX,78259,C00901918,primary,1,0,0
TX,78259,C00901918,runoff,1,0,0
TX,78266,C00919084,general,2,0,0
TX,78266,C00919084,primary,1,1,0
TX,78279,C00369033,runoff,1,0,0
TX,78330,C00919084,primary,1,0,0
TX,78343,C00919084,primary,2,0,0
TX,78361,C00919084,primary,1,0,0
TX,78370,C00919084,general,0,1,0
TX,78370,C00919084,primary,0,1,0
TX,78373,C00901918,runoff,2,0,0
TX,78376,C00919084,primary,1,0,0
TX,78382,C00901918,primary,1,0,0
TX,78385,C00919084,primary,1,0,0
TX,78404,C00901918,runoff,1,0,0
TX,78411,C00919084,general,2,0,1
TX,78411,C00919084,primary,1,0,0
TX,78412,C00919084,primary,1,0,0
TX,78418,C00919084,primary,1,0,0
TX,78469,C00369033,runoff,1,0,1
TX,78469,C00901918,general,0,1,0
TX,78469,C00901918,runoff,1,0,0
TX,78503,C00901918,primary,4,0,0
TX,78503,C00901918,runoff,3,0,0
TX,78504,C00369033,runoff,1,0,0
TX,78504,C00901918,general,1,0,0
TX,78504,C00901918,primary,5,0,0
TX,78504,C00901918,runoff,4,0,0
TX,78540,C00901918,primary,1,0,0
TX,78541,C00919084,primary,1,0,0
TX,78573,C00901918,primary,1,0,0
TX,78577,C00901918,primary,0,1,0
TX,78591,C00919084,primary,1,0,0
TX,78597,C00901918,runoff,0,1,0
TX,78605,C00901918,runoff,0,2,0
TX,78613,C00901918,general,2,0,0
TX,78613,C00901918,primary,4,0,0
TX,78613,C00901918,runoff,2,0,0
TX,78613,C00919084,general,0,1,0
TX,78613,C00919084,primary,1,0,0
TX,78618,C00901918,primary,1,0,0
TX,78618,C00901918,runoff,1,0,0
TX,78619,C00919084,general,1,0,0
TX,78620,C00901918,general,1,0,0
TX,78620,C00901918,primary,1,0,0
TX,78620,C00919084,general,2,0,0
TX,78620,C00919084,primary,1,1,0
TX,78621,C00919084,general,0,1,0
TX,78624,C00901918,primary,1,0,0
TX,78624,C00919084,general,2,0,0
TX,78624,C00919084,primary,0,1,0
TX,78628,C00901918,primary,2,0,0
TX,78628,C00901918,runoff,2,0,0
TX,78628,C00919084,general,4,0,0
TX,78628,C00919084,primary,0,2,0
TX,78633,C00919084,general,2,0,0
TX,78636,C00919084,general,1,0,0
TX,78636,C00919084,primary,1,0,0
TX,78641,C00919084,general,0,1,0
TX,78641,C00919084,primary,0,1,0
TX,78653,C00919084,general,1,0,0
TX,78653,C00919084,primary,0,1,0
TX,78660,C00901918,primary,2,0,0
TX,78660,C00901918,runoff,2,0,0
TX,78663,C00369033,runoff,0,1,0
TX,78664,C00919084,general,1,0,0
TX,78665,C00901918,primary,2,0,0
TX,78666,C00901918,general,1,0,0
TX,78666,C00901918,primary,2,0,0
TX,78666,C00901918,runoff,1,0,0
TX,78666,C00919084,primary,1,0,0
TX,78667,C00369033,primary,1,0,0
TX,78667,C00369033,runoff,1,0,0
TX,78676,C00919084,general,1,0,0
TX,78681,C00919084,primary,1,0,0
TX,78701,C00369033,runoff,1,0,0
TX,78701,C00901918,general,1,0,0
TX,78701,C00901918,primary,4,1,0
TX,78701,C00901918,runoff,3,0,0
TX,78701,C00919084,general,7,2,0
TX,78701,C00919084,primary,3,0,0
TX,78702,C00919084,general,1,1,0
TX,78702,C00919084,primary,1,1,0
TX,78703,C00369033,primary,4,0,0
TX,78703,C00369033,runoff,2,1,0
TX,78703,C00901918,general,2,0,0
TX,78703,C00901918,primary,7,0,0
TX,78703,C00901918,runoff,7,0,1
TX,78703,C00919084,general,18,3,1
TX,78703,C00919084,primary,16,5,0
TX,78704,C00369033,primary,1,0,0
TX,78704,C00901918,general,1,0,0
TX,78704,C00901918,primary,1,0,0
TX,78704,C00901918,runoff,1,0,0
TX,78704,C00919084,general,10,3,1
TX,78704,C00919084,primary,6,2,0
TX,78705,C00919084,general,2,0,0
TX,78705,C00919084,primary,1,0,0
TX,78716,C00901918,general,1,0,1
TX,78716,C00919084,general,1,0,0
TX,78716,C00919084,primary,1,0,0
TX,78721,C00919084,general,1,0,0
TX,78722,C00919084,general,2,1,0
TX,78722,C00919084,primary,1,0,0
TX,78723,C00919084,general,1,1,0
TX,78723,C00919084,primary,1,0,0
TX,78726,C00369033,runoff,1,0,0
TX,78726,C00901918,primary,1,0,0
TX,78726,C00919084,general,0,1,0
TX,78726,C00919084,primary,1,0,0
TX,78728,C00919084,general,1,0,0
TX,78729,C00919084,general,0,1,0
TX,78730,C00369033,primary,1,0,0
TX,78730,C00369033,runoff,1,0,0
TX,78730,C00901918,general,1,0,0
TX,78730,C00901918,primary,4,0,0
TX,78730,C00901918,runoff,3,0,0
TX,78730,C00919084,general,1,0,0
TX,78730,C00919084,primary,1,0,0
TX,78731,C00369033,general,1,0,0
TX,78731,C00369033,primary,1,0,0
TX,78731,C00369033,runoff,1,2,0
TX,78731,C00901918,primary,1,0,0
TX,78731,C00901918,runoff,2,0,1
TX,78731,C00919084,general,6,8,0
TX,78731,C00919084,primary,5,5,0
TX,78732,C00919084,general,1,0,0
TX,78732,C00919084,primary,1,0,0
TX,78733,C00901918,general,2,0,2
TX,78733,C00901918,primary,3,0,0
TX,78733,C00901918,runoff,1,0,1
TX,78733,C00919084,general,2,1,0
TX,78733,C00919084,primary,0,1,0
TX,78734,C00901918,general,1,0,0
TX,78734,C00901918,primary,2,0,0
TX,78734,C00919084,general,1,0,0
TX,78734,C00919084,primary,2,0,0
TX,78735,C00369033,primary,0,1,0
TX,78735,C00369033,runoff,0,1,0
TX,78735,C00901918,general,3,0,0
TX,78735,C00901918,primary,8,0,0
TX,78735,C00901918,runoff,3,0,0
TX,78735,C00919084,general,2,0,0
TX,78735,C00919084,primary,0,2,0
TX,78736,C00901918,primary,1,0,1
TX,78736,C00919084,general,0,1,0
TX,78736,C00919084,primary,0,1,0
TX,78738,C00901918,primary,2,0,0
TX,78738,C00901918,runoff,3,0,0
TX,78738,C00919084,general,3,0,0
TX,78738,C00919084,primary,0,1,0
TX,78739,C00901918,primary,1,0,0
TX,78739,C00901918,runoff,1,0,0
TX,78741,C00919084,primary,0,1,0
TX,78744,C00901918,general,2,0,0
TX,78744,C00901918,primary,2,0,0
TX,78744,C00901918,runoff,1,0,0
TX,78745,C00901918,primary,1,0,0
TX,78745,C00901918,runoff,1,0,0
TX,78745,C00919084,general,1,0,0
TX,78745,C00919084,primary,2,0,0
TX,78746,C00369033,primary,1,0,0
TX,78746,C00369033,runoff,2,0,0
TX,78746,C00901918,general,7,0,2
TX,78746,C00901918,primary,16,1,0
TX,78746,C00901918,runoff,9,0,0
TX,78746,C00919084,general,18,6,1
TX,78746,C00919084,primary,21,4,0
TX,78747,C00901918,primary,1,0,0
TX,78747,C00919084,general,0,1,0
TX,78747,C00919084,primary,1,0,1
TX,78749,C00919084,general,1,1,0
TX,78749,C00919084,primary,2,1,0
TX,78750,C00919084,general,2,0,0
TX,78750,C00919084,primary,1,1,0
TX,78751,C00919084,general,5,0,0
TX,78751,C00919084,primary,1,1,0
TX,78752,C00369033,primary,1,0,0
TX,78756,C00919084,primary,1,0,0
TX,78757,C00919084,general,2,1,0
TX,78757,C00919084,primary,1,2,0
TX,78759,C00369033,runoff,1,0,0
TX,78759,C00919084,general,1,1,1
TX,78759,C00919084,primary,2,3,0
TX,78763,C00919084,general,0,1,0
TX,78763,C00919084,primary,0,1,0
TX,78767,C00919084,primary,1,0,0
TX,78829,C00901918,general,1,0,1
TX,79014,C00901918,general,1,0,0
TX,79014,C00901918,primary,1,0,0
TX,79014,C00901918,runoff,1,0,0
TX,79083,C00901918,primary,1,0,0
TX,79083,C00901918,runoff,1,0,0
TX,79105,C00369033,runoff,0,1,0
TX,79105,C00901918,primary,1,0,0
TX,79109,C00901918,primary,2,0,0
TX,79109,C00901918,runoff,2,0,0
TX,79109,C00919084,general,1,0,0
TX,79109,C00919084,primary,1,0,0
TX,79114,C00919084,general,0,1,0
TX,79118,C00901918,general,1,0,0
TX,79118,C00901918,primary,1,0,0
TX,79235,C00919084,general,0,1,0
TX,79339,C00901918,primary,2,0,0
TX,79360,C00901918,general,2,0,0
TX,79360,C00901918,primary,2,0,0
TX,79363,C00901918,primary,3,0,0
TX,79363,C00901918,runoff,2,0,0
TX,79401,C00901918,primary,1,0,0
TX,79401,C00901918,runoff,1,0,0
TX,79407,C00901918,primary,4,0,0
TX,79407,C00901918,runoff,3,0,0
TX,79408,C00901918,general,2,0,0
TX,79408,C00901918,primary,5,0,0
TX,79408,C00901918,runoff,3,0,0
TX,79410,C00901918,primary,2,0,1
TX,79410,C00901918,runoff,2,0,0
TX,79414,C00901918,primary,1,0,0
TX,79415,C00919084,general,1,0,0
TX,79423,C00901918,primary,4,1,0
TX,79423,C00901918,runoff,2,0,0
TX,79424,C00901918,primary,10,0,0
TX,79424,C00901918,runoff,4,0,0
TX,79601,C00919084,primary,0,1,0
TX,79604,C00901918,general,1,0,0
TX,79604,C00901918,primary,1,0,0
TX,79604,C00919084,general,1,0,0
TX,79605,C00901918,primary,1,0,0
TX,79605,C00901918,runoff,1,0,0
TX,79605,C00919084,general,1,0,0
TX,79701,C00901918,general,3,0,0
TX,79701,C00901918,primary,3,0,0
TX,79702,C00369033,primary,1,0,0
TX,79702,C00369033,runoff,1,0,0
TX,79702,C00901918,general,6,0,0
TX,79702,C00901918,primary,11,0,0
TX,79702,C00901918,runoff,3,0,0
TX,79702,C00919084,general,0,1,0
TX,79705,C00901918,primary,4,0,0
TX,79705,C00901918,runoff,4,0,0
TX,79705,C00919084,general,2,1,0
TX,79707,C00901918,general,2,2,0
TX,79707,C00901918,primary,5,0,2
TX,79707,C00901918,runoff,2,0,0
TX,79762,C00901918,general,1,0,0
TX,79762,C00901918,primary,2,0,1
TX,79762,C00901918,runoff,1,0,0
TX,79763,C00901918,primary,3,0,0
TX,79763,C00901918,runoff,2,0,0
TX,79765,C00919084,primary,0,1,0
TX,79768,C00901918,primary,1,0,0
TX,79768,C00901918,runoff,1,0,0
TX,79901,C00919084,primary,1,0,0
TX,79902,C00369033,primary,0,1,0
TX,79902,C00901918,primary,1,0,0
TX,79902,C00901918,runoff,1,0,0
TX,79902,C00919084,general,2,0,0
TX,79902,C00919084,primary,0,1,0
TX,79912,C00901918,primary,4,0,0
TX,79912,C00901918,runoff,3,0,0
TX,79912,C00919084,primary,0,1,0
TX,79913,C00369033,runoff,1,0,0
TX,79922,C00369033,primary,1,0,0
TX,79922,C00901918,primary,2,0,0
TX,79926,C00919084,primary,1,0,0
UT,84020,C00901918,general,3,0,0
UT,84020,C00901918,primary,6,0,0
UT,84020,C00901918,runoff,4,0,0
UT,84040,C00901918,general,1,0,0
UT,84059,C00901918,general,2,0,0
UT,84059,C00901918,primary,2,0,0
UT,84060,C00369033,runoff,2,0,0
UT,84065,C00901918,primary,0,1,0
UT,84068,C00901918,primary,1,0,0
UT,84068,C00919084,general,1,0,0
UT,84097,C00901918,general,1,0,0
UT,84097,C00901918,primary,1,0,0
UT,84103,C00901918,primary,0,1,0
UT,84116,C00901918,general,1,0,0
UT,84116,C00901918,primary,1,0,0
UT,84171,C00919084,general,1,0,0
UT,84606,C00901918,general,1,0,0
UT,84606,C00901918,primary,1,0,0
VA,20176,C00919084,primary,1,0,0
VA,20191,C00919084,general,1,0,0
VA,20191,C00919084,primary,0,1,0
VA,22003,C00919084,general,1,0,0
VA,22046,C00919084,general,1,1,0
VA,22046,C00919084,primary,3,0,1
VA,22101,C00901918,general,1,0,0
VA,22101,C00919084,general,1,0,0
VA,22101,C00919084,primary,1,0,0
VA,22102,C00369033,runoff,0,1,0
VA,22152,C00369033,runoff,1,0,0
VA,22181,C00901918,general,0,1,0
VA,22181,C00901918,primary,0,1,0
VA,22181,C00901918,runoff,0,2,0
VA,22181,C00919084,general,0,1,0
VA,22202,C00919084,general,1,0,0
VA,22207,C00369033,primary,1,0,0
VA,22207,C00369033,runoff,1,0,0
VA,22213,C00919084,general,1,1,0
VA,22302,C00369033,primary,1,0,0
VA,22302,C00369033,runoff,1,1,0
VA,22302,C00901918,primary,1,0,0
VA,22302,C00901918,runoff,1,0,0
VA,22307,C00901918,general,1,0,0
VA,22309,C00369033,general,1,0,0
VA,22309,C00369033,primary,2,0,0
VA,22309,C00369033,runoff,1,0,0
VA,22314,C00369033,runoff,1,1,0
VA,22314,C00919084,general,1,0,0
VA,22901,C00919084,primary,1,0,0
VA,22902,C00919084,general,1,0,0
VA,22902,C00919084,primary,0,1,0
VA,22903,C00919084,primary,0,1,0
VA,22947,C00369033,primary,1,0,0
VA,22947,C00369033,runoff,1,0,0
VA,23602,C00919084,general,1,0,0
VA,24018,C00369033,general,1,0,0
VA,24018,C00369033,primary,1,0,0
VA,24328,C00919084,general,1,0,0
VT,05055,C00919084,general,1,0,0
VT,05465,C00919084,general,1,0,0
WA,98004,C00369033,primary,3,0,1
WA,98004,C00369033,runoff,1,0,0
WA,98006,C00919084,primary,1,0,0
WA,98039,C00919084,general,3,0,1
WA,98040,C00919084,general,1,0,0
WA,98045,C00919084,general,1,0,0
WA,98053,C00919084,general,1,0,0
WA,98053,C00919084,primary,1,0,0
WA,98070,C00919084,general,1,0,0
WA,98074,C00919084,general,1,0,0
WA,98101,C00919084,general,1,0,0
WA,98101,C00919084,primary,1,0,0
WA,98105,C00919084,general,4,0,0
WA,98110,C00919084,general,2,0,0
WA,98111,C00919084,general,2,0,0
WA,98112,C00919084,general,3,0,0
WA,98117,C00919084,general,0,1,0
WA,98118,C00919084,general,1,0,1
WA,98119,C00919084,general,1,0,0
WA,98122,C00919084,general,1,0,1
WA,98136,C00919084,primary,1,0,0
WA,98155,C00919084,primary,1,0,0
WA,98177,C00919084,general,1,0,0
WA,98249,C00919084,general,1,0,0
WA,98249,C00919084,primary,1,0,0
WA,98275,C00901918,runoff,1,0,0
WA,98284,C00369033,primary,1,0,0
WA,99224,C00919084,general,1,0,0
WI,53217,C00919084,primary,0,1,0
WV,24901,C00919084,general,0,1,0
WY,82073,C00901918,general,1,0,0
WY,82073,C00901918,primary,1,0,0
WY,83001,C00919084,general,2,0,0
WY,83002,C00901918,general,1,0,0
WY,83002,C00901918,primary,1,0,0
WY,83002,C00919084,general,3,0,0
WY,83002,C00919084,primary,2,0,0
WY,83014,C00919084,general,1,0,0
WY,83014,C00919084,primary,1,0,0
XX,99999,C00901918,primary,3,0,3
ZZ,99999,C00901918,primary,1,0,1
