state,candidate,phase,positive_cents,net_cents,count
AE,C00919084,between_primary_runoff,127000,127000,4
AE,C00919084,post_runoff,1000,1000,1
AE,C00919084,pre_primary,20000,20000,2
AK,C00901918,between_primary_runoff,102617,102617,14
AK,C00901918,post_runoff,5500,5500,1
AK,C00901918,pre_primary,163447,163447,5
AK,C00919084,between_primary_runoff,1287600,1287600,131
AK,C00919084,post_runoff,1710896,1710896,94
AK,C00919084,pre_primary,1471100,1471100,135
AL,C00369033,between_primary_runoff,177500,177500,5
AL,C00369033,pre_primary,164296,164296,54
AL,C00901918,between_primary_runoff,1019788,869788,30
AL,C00901918,post_runoff,191115,191115,12
AL,C00901918,pre_primary,165410,165410,16
AL,C00919084,between_primary_runoff,1393977,1393977,181
AL,C00919084,post_runoff,1464285,1464285,144
AL,C00919084,pre_primary,2283228,2283228,133
AP,C00901918,post_runoff,25000,25000,1
AP,C00919084,pre_primary,70000,70000,2
AR,C00369033,between_primary_runoff,60000,60000,2
AR,C00369033,pre_primary,2493204,2493204,11
AR,C00901918,between_primary_runoff,258165,258165,17
AR,C00901918,post_runoff,1120246,1120246,11
AR,C00901918,pre_primary,46845,46845,5
AR,C00919084,between_primary_runoff,2432044,2432044,287
AR,C00919084,post_runoff,1981466,1981466,161
AR,C00919084,pre_primary,1707000,1707000,174
AZ,C00369033,between_primary_runoff,296681,296681,18
AZ,C00369033,pre_primary,776166,776166,67
AZ,C00901918,between_primary_runoff,1220128,1220128,100
AZ,C00901918,post_runoff,311571,311571,62
AZ,C00901918,pre_primary,4055928,4055928,42
AZ,C00919084,between_primary_runoff,5902313,5902313,681
AZ,C00919084,post_runoff,5962977,5962977,521
AZ,C00919084,pre_primary,6121249,6121249,468
CA,C00369033,between_primary_runoff,3286445,3286445,46
CA,C00369033,pre_primary,16763538,16408538,276
CA,C00901918,between_primary_runoff,2628082,2628082,257
CA,C00901918,post_runoff,2725551,2696839,165
CA,C00901918,pre_primary,6124324,5774324,151
CA,C00919084,between_primary_runoff,127522257,127522257,6556
CA,C00919084,post_runoff,77102694,77102694,4670
CA,C00919084,pre_primary,110338808,110338808,4700
CO,C00369033,between_primary_runoff,670000,670000,8
CO,C00369033,pre_primary,9018651,9018651,41
CO,C00901918,between_primary_runoff,2613291,2613291,46
CO,C00901918,post_runoff,467954,467954,25
CO,C00901918,pre_primary,2063389,2063389,50
CO,C00919084,between_primary_runoff,17009114,17009114,1181
CO,C00919084,post_runoff,11892845,11892845,802
CO,C00919084,pre_primary,15195847,15195847,1010
CT,C00369033,between_primary_runoff,1055000,1055000,10
CT,C00369033,pre_primary,1555000,1555000,21
CT,C00901918,between_primary_runoff,147353,147353,19
CT,C00901918,post_runoff,560695,560695,17
CT,C00901918,pre_primary,2306199,2306199,17
CT,C00919084,between_primary_runoff,8862750,8862750,526
CT,C00919084,post_runoff,6581534,6581534,355
CT,C00919084,pre_primary,12558365,12558365,436
DC,C00369033,between_primary_runoff,2516407,2516407,28
DC,C00369033,pre_primary,3040000,3040000,21
DC,C00901918,between_primary_runoff,26025,26025,1
DC,C00901918,post_runoff,550000,550000,3
DC,C00901918,pre_primary,776025,776025,4
DC,C00919084,between_primary_runoff,13288797,13288797,512
DC,C00919084,post_runoff,8413478,8413478,329
DC,C00919084,pre_primary,14015328,14015328,473
DE,C00369033,between_primary_runoff,260000,260000,4
DE,C00369033,pre_primary,122051,122051,15
DE,C00901918,between_primary_runoff,151427,151427,6
DE,C00901918,post_runoff,17500,17500,2
DE,C00919084,between_primary_runoff,886500,886500,68
DE,C00919084,post_runoff,869322,869322,48
DE,C00919084,pre_primary,839100,839100,57
FL,C00369033,between_primary_runoff,16064527,13461987,133
FL,C00369033,pre_primary,17429370,17416370,184
FL,C00901918,between_primary_runoff,2994188,2518163,193
FL,C00901918,post_runoff,2929517,2929517,213
FL,C00901918,pre_primary,9898587,9898587,222
FL,C00919084,between_primary_runoff,19071570,19071570,1675
FL,C00919084,post_runoff,16694188,16694188,1191
FL,C00919084,pre_primary,19890846,19890846,1161
GA,C00369033,between_primary_runoff,3460100,3460100,23
GA,C00369033,pre_primary,3185477,3185477,120
GA,C00901918,between_primary_runoff,3567091,2167091,52
GA,C00901918,post_runoff,327788,327788,30
GA,C00901918,pre_primary,2794300,2794300,37
GA,C00919084,between_primary_runoff,7081547,7081547,680
GA,C00919084,post_runoff,6285347,6285347,468
GA,C00919084,pre_primary,7860120,7860120,498
HI,C00369033,pre_primary,50000,50000,1
HI,C00901918,between_primary_runoff,135985,135985,9
HI,C00901918,post_runoff,5000,5000,1
HI,C00901918,pre_primary,13410,13410,2
HI,C00919084,between_primary_runoff,1246595,1246595,169
HI,C00919084,post_runoff,1615651,1615651,119
HI,C00919084,pre_primary,1345900,1345900,144
IA,C00369033,between_primary_runoff,103500,103500,5
IA,C00369033,pre_primary,192200,192200,32
IA,C00901918,between_primary_runoff,130410,130410,8
IA,C00901918,post_runoff,10410,10410,1
IA,C00901918,pre_primary,394500,394500,8
IA,C00919084,between_primary_runoff,1250800,1250800,113
IA,C00919084,post_runoff,730847,730847,82
IA,C00919084,pre_primary,1021754,1021754,92
ID,C00369033,between_primary_runoff,100000,100000,2
ID,C00369033,pre_primary,424800,374800,27
ID,C00901918,between_primary_runoff,400513,400513,22
ID,C00901918,post_runoff,125255,125255,8
ID,C00901918,pre_primary,645957,645957,15
ID,C00919084,between_primary_runoff,1422804,1422804,161
ID,C00919084,post_runoff,1281739,1281739,121
ID,C00919084,pre_primary,1621296,1621296,93
IL,C00369033,between_primary_runoff,3780016,3780016,33
IL,C00369033,pre_primary,2001400,1993900,23
IL,C00901918,between_primary_runoff,1097452,1097452,79
IL,C00901918,post_runoff,347154,347154,52
IL,C00901918,pre_primary,3739069,3739069,56
IL,C00919084,between_primary_runoff,16297546,16297546,1123
IL,C00919084,post_runoff,13741976,13741976,757
IL,C00919084,pre_primary,18200571,18200571,821
IN,C00369033,between_primary_runoff,130499,130499,4
IN,C00369033,pre_primary,535060,535060,56
IN,C00901918,between_primary_runoff,350168,350168,39
IN,C00901918,post_runoff,133551,133551,25
IN,C00901918,pre_primary,436512,436512,20
IN,C00919084,between_primary_runoff,2918247,2918247,330
IN,C00919084,post_runoff,2848036,2848036,240
IN,C00919084,pre_primary,2447225,2447225,245
KS,C00369033,between_primary_runoff,1436000,1436000,14
KS,C00369033,pre_primary,1686351,1683551,33
KS,C00901918,between_primary_runoff,767639,767639,43
KS,C00901918,post_runoff,438424,438424,30
KS,C00901918,pre_primary,368500,368500,31
KS,C00919084,between_primary_runoff,1299032,1299032,207
KS,C00919084,post_runoff,1376596,1376596,114
KS,C00919084,pre_primary,2105350,2105350,157
KY,C00369033,between_primary_runoff,250000,250000,2
KY,C00369033,pre_primary,800000,800000,9
KY,C00901918,between_primary_runoff,118510,118510,8
KY,C00901918,post_runoff,26025,-52050,3
KY,C00901918,pre_primary,2860591,1460591,8
KY,C00919084,between_primary_runoff,986550,986550,154
KY,C00919084,post_runoff,1257086,1257086,107
KY,C00919084,pre_primary,3214652,3214652,139
LA,C00369033,between_primary_runoff,650580,650580,6
LA,C00369033,pre_primary,415196,415196,27
LA,C00901918,between_primary_runoff,350681,350681,25
LA,C00901918,post_runoff,289230,289230,14
LA,C00901918,pre_primary,1972579,1972579,17
LA,C00919084,between_primary_runoff,3762185,3762185,302
LA,C00919084,post_runoff,2142450,2142450,199
LA,C00919084,pre_primary,3031083,3031083,193
MA,C00369033,between_primary_runoff,950000,950000,9
MA,C00369033,pre_primary,5208144,5208144,32
MA,C00901918,between_primary_runoff,352587,352587,35
MA,C00901918,post_runoff,456761,456761,22
MA,C00901918,pre_primary,446755,446755,27
MA,C00919084,between_primary_runoff,28577415,28577415,1286
MA,C00919084,post_runoff,25162189,25162189,936
MA,C00919084,pre_primary,23211096,23211096,862
MD,C00369033,between_primary_runoff,2672500,2672500,24
MD,C00369033,pre_primary,3243458,3243458,19
MD,C00901918,between_primary_runoff,1407165,1407165,35
MD,C00901918,post_runoff,410921,384896,19
MD,C00901918,pre_primary,1128499,1128499,25
MD,C00919084,between_primary_runoff,16185807,16185807,953
MD,C00919084,post_runoff,13007723,13007723,695
MD,C00919084,pre_primary,15459961,15459961,650
ME,C00369033,pre_primary,50000,50000,1
ME,C00901918,between_primary_runoff,52384,52384,11
ME,C00901918,post_runoff,10062,10062,3
ME,C00901918,pre_primary,40000,40000,3
ME,C00919084,between_primary_runoff,2323374,2323374,199
ME,C00919084,post_runoff,2665185,2665185,187
ME,C00919084,pre_primary,1825796,1825796,111
MI,C00369033,between_primary_runoff,2140300,2140300,20
MI,C00369033,pre_primary,433500,433500,8
MI,C00901918,between_primary_runoff,189423,169423,29
MI,C00901918,post_runoff,105922,105922,32
MI,C00901918,pre_primary,464783,464783,44
MI,C00919084,between_primary_runoff,4853810,4853810,613
MI,C00919084,post_runoff,5756154,5756154,474
MI,C00919084,pre_primary,6195345,6195345,455
MN,C00369033,between_primary_runoff,402500,402500,7
MN,C00369033,post_runoff,0,-50000,0
MN,C00369033,pre_primary,1006449,981449,59
MN,C00901918,between_primary_runoff,637067,637067,15
MN,C00901918,post_runoff,53014,53014,8
MN,C00901918,pre_primary,256230,256230,17
MN,C00919084,between_primary_runoff,6388045,6388045,553
MN,C00919084,post_runoff,4445529,4445529,363
MN,C00919084,pre_primary,8377154,8377154,347
MO,C00369033,between_primary_runoff,535000,535000,11
MO,C00369033,pre_primary,740000,740000,14
MO,C00901918,between_primary_runoff,422542,422542,38
MO,C00901918,post_runoff,97806,97806,18
MO,C00901918,pre_primary,2298535,2298535,23
MO,C00919084,between_primary_runoff,4323327,4323327,377
MO,C00919084,post_runoff,4699312,4699312,300
MO,C00919084,pre_primary,4251875,4251875,272
MS,C00369033,between_primary_runoff,250000,250000,2
MS,C00369033,pre_primary,266153,265456,5
MS,C00901918,between_primary_runoff,135931,135931,8
MS,C00901918,post_runoff,23373,23373,6
MS,C00901918,pre_primary,60000,60000,2
MS,C00919084,between_primary_runoff,1145924,1145924,70
MS,C00919084,post_runoff,1029612,1029612,42
MS,C00919084,pre_primary,1630026,1630026,92
MT,C00369033,between_primary_runoff,100000,100000,2
MT,C00369033,pre_primary,50000,50000,1
MT,C00901918,between_primary_runoff,124906,124906,10
MT,C00901918,post_runoff,86834,86834,13
MT,C00901918,pre_primary,185069,185069,20
MT,C00919084,between_primary_runoff,1453496,1453496,113
MT,C00919084,post_runoff,936096,936096,75
MT,C00919084,pre_primary,1617176,1617176,81
NC,C00369033,between_primary_runoff,679490,679490,16
NC,C00369033,pre_primary,895851,895851,74
NC,C00901918,between_primary_runoff,394452,394452,48
NC,C00901918,post_runoff,388795,388795,47
NC,C00901918,pre_primary,1717791,1717791,20
NC,C00919084,between_primary_runoff,9447023,9447023,994
NC,C00919084,post_runoff,8928065,8928065,716
NC,C00919084,pre_primary,11481358,11481358,851
ND,C00369033,between_primary_runoff,50000,50000,1
ND,C00369033,pre_primary,50000,50000,1
ND,C00901918,between_primary_runoff,106395,106395,7
ND,C00901918,post_runoff,33500,33500,2
ND,C00901918,pre_primary,75000,75000,3
ND,C00919084,between_primary_runoff,159100,159100,29
ND,C00919084,post_runoff,280892,280892,18
ND,C00919084,pre_primary,222326,222326,19
NE,C00369033,between_primary_runoff,55000,55000,2
NE,C00369033,pre_primary,60000,60000,2
NE,C00901918,between_primary_runoff,203730,203730,12
NE,C00901918,post_runoff,58500,58500,3
NE,C00901918,pre_primary,241500,241500,11
NE,C00919084,between_primary_runoff,1134896,1134896,125
NE,C00919084,post_runoff,1296389,1296389,83
NE,C00919084,pre_primary,1340320,1340320,88
NH,C00369033,pre_primary,250000,250000,2
NH,C00901918,between_primary_runoff,35500,35500,3
NH,C00901918,post_runoff,20410,20410,2
NH,C00901918,pre_primary,32500,32500,4
NH,C00919084,between_primary_runoff,2930216,2930216,152
NH,C00919084,post_runoff,2476031,2476031,117
NH,C00919084,pre_primary,1519600,1519600,70
NJ,C00369033,between_primary_runoff,1903500,1903500,13
NJ,C00369033,pre_primary,2193343,2193343,55
NJ,C00901918,between_primary_runoff,459945,459945,65
NJ,C00901918,post_runoff,243123,243123,50
NJ,C00901918,pre_primary,1300400,1300400,38
NJ,C00919084,between_primary_runoff,9040068,9040068,721
NJ,C00919084,post_runoff,6953665,6953665,509
NJ,C00919084,pre_primary,6995259,6995259,599
NM,C00369033,between_primary_runoff,1923,1923,4
NM,C00369033,pre_primary,11075,11075,6
NM,C00901918,between_primary_runoff,131076,131076,14
NM,C00901918,post_runoff,723700,723700,9
NM,C00901918,pre_primary,223550,223550,15
NM,C00919084,between_primary_runoff,5613767,5613767,544
NM,C00919084,post_runoff,5196693,5196693,429
NM,C00919084,pre_primary,6888069,6888069,407
NV,C00369033,between_primary_runoff,170000,170000,4
NV,C00369033,pre_primary,1100000,1100000,10
NV,C00901918,between_primary_runoff,825524,825524,51
NV,C00901918,post_runoff,294585,294585,31
NV,C00901918,pre_primary,4309718,4309718,36
NV,C00919084,between_primary_runoff,3375856,3375856,190
NV,C00919084,post_runoff,2423838,2423838,160
NV,C00919084,pre_primary,2406653,2406653,116
NY,C00369033,between_primary_runoff,13340070,13340070,50
NY,C00369033,pre_primary,18219000,18169000,118
NY,C00901918,between_primary_runoff,1054054,1003029,77
NY,C00901918,post_runoff,1314214,1314214,64
NY,C00901918,pre_primary,3256397,3256397,47
NY,C00919084,between_primary_runoff,50512544,50512544,1987
NY,C00919084,post_runoff,26750998,26750998,1475
NY,C00919084,pre_primary,58186891,58186891,1512
OH,C00369033,between_primary_runoff,1045000,1045000,10
OH,C00369033,pre_primary,1050000,1050000,5
OH,C00901918,between_primary_runoff,995226,995226,17
OH,C00901918,post_runoff,469639,469639,17
OH,C00901918,pre_primary,755400,755400,17
OH,C00919084,between_primary_runoff,6526797,6526797,442
OH,C00919084,post_runoff,4234639,4234639,310
OH,C00919084,pre_primary,4936010,4936010,381
OK,C00369033,between_primary_runoff,561750,561750,9
OK,C00369033,pre_primary,1190000,1190000,13
OK,C00901918,between_primary_runoff,1146990,1146990,49
OK,C00901918,post_runoff,439442,439442,29
OK,C00901918,pre_primary,1127969,1127969,53
OK,C00919084,between_primary_runoff,4273601,4273601,356
OK,C00919084,post_runoff,2915452,2915452,263
OK,C00919084,pre_primary,2824419,2824419,248
OR,C00369033,between_primary_runoff,300000,300000,3
OR,C00901918,between_primary_runoff,336570,336570,35
OR,C00901918,post_runoff,192645,192645,15
OR,C00901918,pre_primary,770448,770448,49
OR,C00919084,between_primary_runoff,8141266,8141266,891
OR,C00919084,post_runoff,8212993,8212993,662
OR,C00919084,pre_primary,7712153,7712153,639
PA,C00369033,between_primary_runoff,742000,692000,11
PA,C00369033,pre_primary,998600,998600,58
PA,C00901918,between_primary_runoff,3469082,3119082,85
PA,C00901918,post_runoff,298638,298638,38
PA,C00901918,pre_primary,3083845,3028845,58
PA,C00919084,between_primary_runoff,9334848,9334848,793
PA,C00919084,post_runoff,7941746,7941746,603
PA,C00919084,pre_primary,9252209,9252209,705
PR,C00369033,between_primary_runoff,1400000,1400000,2
PR,C00901918,between_primary_runoff,104102,104102,1
PR,C00901918,pre_primary,350000,350000,1
PR,C00919084,between_primary_runoff,1400,1400,2
PR,C00919084,post_runoff,759227,759227,5
PR,C00919084,pre_primary,90000,90000,5
RI,C00369033,pre_primary,350000,350000,1
RI,C00901918,between_primary_runoff,35500,35500,6
RI,C00901918,post_runoff,22500,22500,3
RI,C00901918,pre_primary,100000,100000,6
RI,C00919084,between_primary_runoff,1805096,1805096,132
RI,C00919084,post_runoff,1397889,1397889,95
RI,C00919084,pre_primary,1620054,1620054,103
SC,C00369033,between_primary_runoff,150000,150000,3
SC,C00369033,pre_primary,1649300,1649300,41
SC,C00901918,between_primary_runoff,231616,231616,21
SC,C00901918,post_runoff,146827,146827,27
SC,C00901918,pre_primary,892900,892900,23
SC,C00919084,between_primary_runoff,4510800,4510800,368
SC,C00919084,post_runoff,3935069,3935069,258
SC,C00919084,pre_primary,5580173,5580173,317
SD,C00369033,between_primary_runoff,50000,50000,1
SD,C00369033,pre_primary,50000,50000,1
SD,C00901918,between_primary_runoff,50000,50000,1
SD,C00901918,pre_primary,75000,75000,2
SD,C00919084,between_primary_runoff,456100,456100,76
SD,C00919084,post_runoff,231369,231369,45
SD,C00919084,pre_primary,477500,477500,48
TN,C00369033,between_primary_runoff,270000,270000,7
TN,C00369033,pre_primary,1202200,1202200,61
TN,C00901918,between_primary_runoff,1751848,1401848,49
TN,C00901918,post_runoff,110443,110443,23
TN,C00901918,pre_primary,2787977,2787977,48
TN,C00919084,between_primary_runoff,8088173,8088173,577
TN,C00919084,post_runoff,5363355,5363355,393
TN,C00919084,pre_primary,9191939,9191939,412
TX,C00369033,between_primary_runoff,68185876,68117605,1103
TX,C00369033,pre_primary,105084951,105061951,2458
TX,C00901918,between_primary_runoff,79523447,74536102,3927
TX,C00901918,post_runoff,46281390,45996505,2336
TX,C00901918,pre_primary,474211768,464558780,4848
TX,C00919084,between_primary_runoff,591154089,591154089,42880
TX,C00919084,post_runoff,314853145,314788145,27728
TX,C00919084,pre_primary,688192238,688107238,36274
UT,C00369033,between_primary_runoff,675000,675000,5
UT,C00369033,pre_primary,602000,602000,7
UT,C00901918,between_primary_runoff,94764,94764,9
UT,C00901918,post_runoff,65000,65000,6
UT,C00901918,pre_primary,9749954,9749954,34
UT,C00919084,between_primary_runoff,2407700,2407700,194
UT,C00919084,post_runoff,2474731,2474731,164
UT,C00919084,pre_primary,2561500,2561500,113
VA,C00369033,between_primary_runoff,6429954,6429954,64
VA,C00369033,pre_primary,8653548,8653548,118
VA,C00901918,between_primary_runoff,1198236,1198236,94
VA,C00901918,post_runoff,1649016,1649016,54
VA,C00901918,pre_primary,2393122,2393122,87
VA,C00919084,between_primary_runoff,14538057,14538057,1068
VA,C00919084,post_runoff,11597100,11597100,835
VA,C00919084,pre_primary,18540046,18540046,720
VT,C00369033,pre_primary,50000,50000,1
VT,C00901918,between_primary_runoff,5000,5000,1
VT,C00919084,between_primary_runoff,2062627,2062627,167
VT,C00919084,post_runoff,1833008,1833008,136
VT,C00919084,pre_primary,1750481,1750481,128
WA,C00369033,between_primary_runoff,200000,200000,3
WA,C00369033,pre_primary,2250000,2100000,10
WA,C00901918,between_primary_runoff,831334,831334,23
WA,C00901918,post_runoff,264308,160206,15
WA,C00901918,pre_primary,582958,582958,27
WA,C00919084,between_primary_runoff,27616868,27616868,1679
WA,C00919084,post_runoff,17328580,17328580,1126
WA,C00919084,pre_primary,18643819,18643819,1088
WI,C00369033,between_primary_runoff,250000,250000,3
WI,C00369033,pre_primary,302400,302400,16
WI,C00901918,between_primary_runoff,197435,197435,18
WI,C00901918,post_runoff,97525,97525,6
WI,C00901918,pre_primary,201115,201115,15
WI,C00919084,between_primary_runoff,2654179,2654179,292
WI,C00919084,post_runoff,2714506,2714506,226
WI,C00919084,pre_primary,3671279,3671279,197
WV,C00369033,between_primary_runoff,2500,2500,1
WV,C00369033,pre_primary,185000,185000,16
WV,C00901918,between_primary_runoff,69820,69820,10
WV,C00901918,post_runoff,11910,11910,2
WV,C00901918,pre_primary,20500,20500,4
WV,C00919084,between_primary_runoff,674820,674820,44
WV,C00919084,post_runoff,492396,492396,34
WV,C00919084,pre_primary,822000,822000,32
WY,C00369033,between_primary_runoff,50000,50000,1
WY,C00369033,pre_primary,50000,50000,1
WY,C00901918,between_primary_runoff,60599,60599,5
WY,C00901918,post_runoff,15000,15000,2
WY,C00901918,pre_primary,1522870,1522870,8
WY,C00919084,between_primary_runoff,1452734,1452734,42
WY,C00919084,post_runoff,1865896,1865896,42
WY,C00919084,pre_primary,2218400,2218400,34
XX,C00901918,between_primary_runoff,50000,50000,1
XX,C00901918,pre_primary,2425000,2425000,7
ZZ,C00901918,pre_primary,1830000,1830000,4
ZZ,C00919084,pre_primary,150000,150000,2
