state,candidate,month,positive_cents,net_cents,count
AE,C00919084,2026-02,20000,20000,2
AE,C00919084,2026-03,25000,25000,1
AE,C00919084,2026-04,1000,1000,1
AE,C00919084,2026-05,101000,101000,2
AE,C00919084,2026-06,1000,1000,1
AK,C00901918,2025-04,36435,36435,2
AK,C00901918,2025-05,10410,10410,1
AK,C00901918,2025-11,12500,12500,1
AK,C00901918,2026-01,104102,104102,1
AK,C00901918,2026-03,35410,35410,2
AK,C00901918,2026-04,10000,10000,1
AK,C00901918,2026-05,57207,57207,11
AK,C00901918,2026-06,5500,5500,1
AK,C00919084,2025-09,160000,160000,6
AK,C00919084,2025-10,100000,100000,10
AK,C00919084,2025-11,24500,24500,8
AK,C00919084,2025-12,112000,112000,19
AK,C00919084,2026-01,329700,329700,21
AK,C00919084,2026-02,711700,711700,65
AK,C00919084,2026-03,769200,769200,48
AK,C00919084,2026-04,155200,155200,41
AK,C00919084,2026-05,804400,804400,75
AK,C00919084,2026-06,1302896,1302896,67
AL,C00369033,2025-01,6600,6600,6
AL,C00369033,2025-02,8250,8250,10
AL,C00369033,2025-03,56600,56600,6
AL,C00369033,2025-04,3500,3500,2
AL,C00369033,2025-05,4100,4100,3
AL,C00369033,2025-06,2500,2500,1
AL,C00369033,2025-07,52500,52500,2
AL,C00369033,2025-08,2500,2500,1
AL,C00369033,2025-09,3500,3500,4
AL,C00369033,2025-10,4700,4700,7
AL,C00369033,2025-11,12046,12046,9
AL,C00369033,2025-12,2500,2500,1
AL,C00369033,2026-01,2500,2500,1
AL,C00369033,2026-02,2500,2500,1
AL,C00369033,2026-03,50000,50000,2
AL,C00369033,2026-05,127500,127500,3
AL,C00901918,2025-07,5000,5000,1
AL,C00901918,2025-08,30410,30410,3
AL,C00901918,2025-09,40000,40000,3
AL,C00901918,2025-10,5000,5000,1
AL,C00901918,2025-11,5000,5000,1
AL,C00901918,2025-12,30000,30000,2
AL,C00901918,2026-01,5000,5000,1
AL,C00901918,2026-02,45000,45000,4
AL,C00901918,2026-03,384035,384035,10
AL,C00901918,2026-04,545776,545776,8
AL,C00901918,2026-05,226120,76120,16
AL,C00901918,2026-06,54972,54972,8
AL,C00919084,2025-09,75000,75000,2
AL,C00919084,2025-10,160000,160000,10
AL,C00919084,2025-11,51019,51019,7
AL,C00919084,2025-12,312681,312681,18
AL,C00919084,2026-01,677327,677327,31
AL,C00919084,2026-02,980601,980601,60
AL,C00919084,2026-03,604330,604330,52
AL,C00919084,2026-04,350500,350500,63
AL,C00919084,2026-05,1059647,1059647,116
AL,C00919084,2026-06,870385,870385,99
AP,C00901918,2026-06,25000,25000,1
AP,C00919084,2025-12,20000,20000,1
AP,C00919084,2026-02,50000,50000,1
AR,C00369033,2025-03,25000,25000,1
AR,C00369033,2025-04,104102,104102,1
AR,C00369033,2025-05,50000,50000,1
AR,C00369033,2025-06,750000,750000,2
AR,C00369033,2025-07,700000,700000,2
AR,C00369033,2025-09,50000,50000,1
AR,C00369033,2025-11,700000,700000,1
AR,C00369033,2025-12,10000,10000,1
AR,C00369033,2026-02,104102,104102,1
AR,C00369033,2026-04,50000,50000,1
AR,C00369033,2026-05,10000,10000,1
AR,C00901918,2026-01,15615,15615,2
AR,C00901918,2026-02,31230,31230,3
AR,C00901918,2026-03,133176,133176,5
AR,C00901918,2026-04,43833,43833,3
AR,C00901918,2026-05,109566,109566,12
AR,C00901918,2026-06,1091836,1091836,8
AR,C00919084,2025-09,155000,155000,7
AR,C00919084,2025-10,180000,180000,14
AR,C00919084,2025-11,78500,78500,16
AR,C00919084,2025-12,152000,152000,20
AR,C00919084,2026-01,247500,247500,35
AR,C00919084,2026-02,834000,834000,78
AR,C00919084,2026-03,943392,943392,87
AR,C00919084,2026-04,659100,659100,90
AR,C00919084,2026-05,1593578,1593578,155
AR,C00919084,2026-06,1277440,1277440,120
AZ,C00369033,2025-01,5000,5000,1
AZ,C00369033,2025-02,5000,5000,1
AZ,C00369033,2025-03,5000,5000,1
AZ,C00369033,2025-04,57051,57051,2
AZ,C00369033,2025-05,255000,255000,6
AZ,C00369033,2025-06,57000,57000,3
AZ,C00369033,2025-07,5000,5000,1
AZ,C00369033,2025-08,7000,7000,2
AZ,C00369033,2025-09,57000,57000,3
AZ,C00369033,2025-10,5000,5000,1
AZ,C00369033,2025-11,55000,55000,2
AZ,C00369033,2025-12,40500,40500,6
AZ,C00369033,2026-01,65500,65500,25
AZ,C00369033,2026-02,154125,154125,11
AZ,C00369033,2026-03,77171,77171,13
AZ,C00369033,2026-04,212500,212500,6
AZ,C00369033,2026-05,10000,10000,1
AZ,C00901918,2025-04,50000,50000,1
AZ,C00901918,2025-05,1455000,1455000,4
AZ,C00901918,2025-06,1440254,1440254,9
AZ,C00901918,2025-08,5000,5000,1
AZ,C00901918,2025-09,82500,82500,3
AZ,C00901918,2025-10,145000,145000,3
AZ,C00901918,2025-12,700000,700000,1
AZ,C00901918,2026-01,63015,63015,6
AZ,C00901918,2026-02,104638,104638,12
AZ,C00901918,2026-03,211001,211001,25
AZ,C00901918,2026-04,180752,180752,19
AZ,C00901918,2026-05,890564,890564,67
AZ,C00901918,2026-06,259903,259903,53
AZ,C00919084,2025-09,1476296,1476296,23
AZ,C00919084,2025-10,450634,450634,39
AZ,C00919084,2025-11,324500,324500,31
AZ,C00919084,2025-12,443100,443100,53
AZ,C00919084,2026-01,806900,806900,96
AZ,C00919084,2026-02,2401600,2401600,210
AZ,C00919084,2026-03,3162002,3162002,242
AZ,C00919084,2026-04,1063500,1063500,216
AZ,C00919084,2026-05,4392159,4392159,389
AZ,C00919084,2026-06,3465848,3465848,371
CA,C00369033,2025-01,14500,14500,5
CA,C00369033,2025-02,25000,25000,14
CA,C00369033,2025-03,236951,231951,14
CA,C00369033,2025-04,115402,115402,6
CA,C00369033,2025-05,363600,363600,14
CA,C00369033,2025-06,148000,148000,12
CA,C00369033,2025-07,176000,176000,8
CA,C00369033,2025-08,714599,714599,8
CA,C00369033,2025-09,669190,669190,15
CA,C00369033,2025-10,326670,326670,21
CA,C00369033,2025-11,747700,747700,14
CA,C00369033,2025-12,1797800,1797800,15
CA,C00369033,2026-01,1458771,1458771,23
CA,C00369033,2026-02,7411355,7061355,88
CA,C00369033,2026-03,4169970,4169970,37
CA,C00369033,2026-04,1629350,1629350,21
CA,C00369033,2026-05,45125,45125,7
CA,C00901918,2025-04,96845,96845,4
CA,C00901918,2025-05,210410,210410,3
CA,C00901918,2025-06,1510000,1510000,5
CA,C00901918,2025-07,72405,72405,5
CA,C00901918,2025-08,110905,110905,8
CA,C00901918,2025-09,1518225,1518225,10
CA,C00901918,2025-10,155138,-194862,16
CA,C00901918,2025-11,416615,416615,10
CA,C00901918,2025-12,109013,109013,10
CA,C00901918,2026-01,819910,819910,12
CA,C00901918,2026-02,922461,922461,55
CA,C00901918,2026-03,1150788,1150788,94
CA,C00901918,2026-04,521676,521676,48
CA,C00901918,2026-05,2033932,2033932,158
CA,C00901918,2026-06,1829634,1800922,135
CA,C00919084,2025-04,1000,1000,1
CA,C00919084,2025-05,833,833,1
CA,C00919084,2025-06,2666,2666,3
CA,C00919084,2025-07,1000,1000,1
CA,C00919084,2025-08,1833,1833,2
CA,C00919084,2025-09,13758685,13758685,246
CA,C00919084,2025-10,6639526,6639526,338
CA,C00919084,2025-11,11296049,11296049,334
CA,C00919084,2025-12,8313322,8313322,452
CA,C00919084,2026-01,20266567,20266567,956
CA,C00919084,2026-02,47991086,47991086,2238
CA,C00919084,2026-03,48337957,48337957,2105
CA,C00919084,2026-04,49927967,49927967,2155
CA,C00919084,2026-05,59967773,59967773,3755
CA,C00919084,2026-06,48457495,48457495,3339
CO,C00369033,2025-03,200,200,1
CO,C00369033,2025-05,52051,52051,1
CO,C00369033,2025-07,700000,700000,2
CO,C00369033,2025-08,100000,100000,1
CO,C00369033,2025-10,401100,401100,4
CO,C00369033,2025-12,7600000,7600000,27
CO,C00369033,2026-01,65000,65000,2
CO,C00369033,2026-02,100000,100000,2
CO,C00369033,2026-03,300,300,1
CO,C00369033,2026-04,530000,530000,4
CO,C00369033,2026-05,140000,140000,4
CO,C00901918,2025-04,149512,149512,4
CO,C00901918,2025-05,15705,15705,2
CO,C00901918,2025-06,777756,777756,5
CO,C00901918,2025-07,55205,55205,2
CO,C00901918,2025-08,15705,15705,2
CO,C00901918,2025-09,26205,26205,3
CO,C00901918,2025-10,15205,15205,3
CO,C00901918,2025-11,10205,10205,2
CO,C00901918,2025-12,52321,52321,5
CO,C00901918,2026-01,38738,38738,5
CO,C00901918,2026-02,873307,873307,14
CO,C00901918,2026-03,175967,175967,14
CO,C00901918,2026-04,2188147,2188147,16
CO,C00901918,2026-05,313827,313827,22
CO,C00901918,2026-06,436829,436829,22
CO,C00919084,2025-09,2193500,2193500,69
CO,C00919084,2025-10,987600,987600,72
CO,C00919084,2025-11,631011,631011,71
CO,C00919084,2025-12,1043100,1043100,101
CO,C00919084,2026-01,3928466,3928466,222
CO,C00919084,2026-02,6140570,6140570,455
CO,C00919084,2026-03,8222145,8222145,416
CO,C00919084,2026-04,3618243,3618243,350
CO,C00919084,2026-05,9396126,9396126,659
CO,C00919084,2026-06,7937045,7937045,578
CT,C00369033,2025-01,2500,2500,1
CT,C00369033,2025-02,2500,2500,1
CT,C00369033,2025-03,2500,2500,1
CT,C00369033,2025-04,2500,2500,1
CT,C00369033,2025-05,2500,2500,1
CT,C00369033,2025-06,102500,102500,2
CT,C00369033,2025-07,2500,2500,1
CT,C00369033,2025-08,2500,2500,1
CT,C00369033,2025-09,2500,2500,1
CT,C00369033,2025-10,2500,2500,1
CT,C00369033,2025-11,2500,2500,1
CT,C00369033,2025-12,12500,12500,2
CT,C00369033,2026-01,702500,702500,3
CT,C00369033,2026-02,712500,712500,4
CT,C00369033,2026-03,650000,650000,3
CT,C00369033,2026-04,302500,302500,4
CT,C00369033,2026-05,102500,102500,3
CT,C00901918,2025-04,100000,100000,1
CT,C00901918,2025-06,2100000,2100000,2
CT,C00901918,2025-07,15615,15615,1
CT,C00901918,2025-08,26025,26025,2
CT,C00901918,2025-10,15205,15205,2
CT,C00901918,2025-11,7808,7808,2
CT,C00901918,2025-12,5205,5205,1
CT,C00901918,2026-01,10931,10931,2
CT,C00901918,2026-02,10205,10205,2
CT,C00901918,2026-03,70410,70410,6
CT,C00901918,2026-04,30615,30615,4
CT,C00901918,2026-05,434956,434956,15
CT,C00901918,2026-06,187272,187272,13
CT,C00919084,2025-07,8333,8333,1
CT,C00919084,2025-08,8333,8333,1
CT,C00919084,2025-09,2963333,2963333,29
CT,C00919084,2025-10,1636166,1636166,31
CT,C00919084,2025-11,261000,261000,26
CT,C00919084,2025-12,837000,837000,49
CT,C00919084,2026-01,756600,756600,77
CT,C00919084,2026-02,5556900,5556900,210
CT,C00919084,2026-03,5907450,5907450,190
CT,C00919084,2026-04,1545500,1545500,157
CT,C00919084,2026-05,3457600,3457600,292
CT,C00919084,2026-06,5064434,5064434,254
DC,C00369033,2025-03,300000,300000,4
DC,C00369033,2025-04,50000,50000,1
DC,C00369033,2025-06,100000,100000,1
DC,C00369033,2025-07,50000,50000,1
DC,C00369033,2025-11,125000,125000,2
DC,C00369033,2025-12,400000,400000,2
DC,C00369033,2026-01,350000,350000,1
DC,C00369033,2026-02,1665000,1665000,9
DC,C00369033,2026-03,1250000,1250000,13
DC,C00369033,2026-04,502051,502051,8
DC,C00369033,2026-05,764356,764356,7
DC,C00901918,2025-06,700000,700000,1
DC,C00901918,2025-09,25000,25000,1
DC,C00901918,2026-02,25000,25000,1
DC,C00901918,2026-03,26025,26025,1
DC,C00901918,2026-05,476025,476025,3
DC,C00901918,2026-06,100000,100000,1
DC,C00919084,2025-09,2907427,2907427,41
DC,C00919084,2025-10,3204500,3204500,63
DC,C00919084,2025-11,163000,163000,21
DC,C00919084,2025-12,1892250,1892250,54
DC,C00919084,2026-01,2668500,2668500,86
DC,C00919084,2026-02,3125251,3125251,196
DC,C00919084,2026-03,9629763,9629763,265
DC,C00919084,2026-04,921838,921838,104
DC,C00919084,2026-05,5283996,5283996,249
DC,C00919084,2026-06,5921078,5921078,235
DE,C00369033,2025-01,5000,5000,1
DE,C00369033,2025-02,5000,5000,1
DE,C00369033,2025-03,5000,5000,1
DE,C00369033,2025-04,5000,5000,1
DE,C00369033,2025-05,5000,5000,1
DE,C00369033,2025-06,5000,5000,1
DE,C00369033,2025-07,5000,5000,1
DE,C00369033,2025-08,5000,5000,1
DE,C00369033,2025-09,5000,5000,1
DE,C00369033,2025-10,5000,5000,1
DE,C00369033,2025-11,5000,5000,1
DE,C00369033,2025-12,5000,5000,1
DE,C00369033,2026-01,5000,5000,1
DE,C00369033,2026-02,57051,57051,2
DE,C00369033,2026-04,205000,205000,2
DE,C00369033,2026-05,55000,55000,2
DE,C00901918,2026-03,120820,120820,2
DE,C00901918,2026-04,12910,12910,2
DE,C00901918,2026-05,17697,17697,2
DE,C00901918,2026-06,17500,17500,2
DE,C00919084,2025-09,75000,75000,2
DE,C00919084,2025-10,56000,56000,3
DE,C00919084,2025-11,16000,16000,3
DE,C00919084,2025-12,76000,76000,5
DE,C00919084,2026-01,128000,128000,14
DE,C00919084,2026-02,467100,467100,27
DE,C00919084,2026-03,548000,548000,26
DE,C00919084,2026-04,139000,139000,23
DE,C00919084,2026-05,630500,630500,34
DE,C00919084,2026-06,459322,459322,36
FL,C00369033,2025-01,5000,5000,1
FL,C00369033,2025-02,5000,5000,1
FL,C00369033,2025-03,1764000,1764000,11
FL,C00369033,2025-04,138600,138600,4
FL,C00369033,2025-05,1406500,1406500,11
FL,C00369033,2025-06,1428100,1428100,12
FL,C00369033,2025-07,8950,8950,10
FL,C00369033,2025-08,107894,107894,8
FL,C00369033,2025-09,1168880,1168880,27
FL,C00369033,2025-10,718740,718740,19
FL,C00369033,2025-11,4606800,4606800,20
FL,C00369033,2025-12,3269200,3269200,16
FL,C00369033,2026-01,815975,815975,18
FL,C00369033,2026-02,1985431,1972431,25
FL,C00369033,2026-03,2620300,2620300,22
FL,C00369033,2026-04,3584850,982310,28
FL,C00369033,2026-05,9859677,9859677,84
FL,C00901918,2025-04,928057,928057,7
FL,C00901918,2025-05,1362051,1362051,5
FL,C00901918,2025-06,1114551,1114551,11
FL,C00901918,2025-07,116828,116828,9
FL,C00901918,2025-08,83186,83186,9
FL,C00901918,2025-09,2213446,2213446,13
FL,C00901918,2025-10,163352,163352,20
FL,C00901918,2025-11,59952,59952,12
FL,C00901918,2025-12,2780963,2780963,39
FL,C00901918,2026-01,227268,227268,26
FL,C00901918,2026-02,672839,672839,56
FL,C00901918,2026-03,1381305,1381305,93
FL,C00901918,2026-04,1000427,974402,34
FL,C00901918,2026-05,1456403,1006403,119
FL,C00901918,2026-06,2261664,2261664,175
FL,C00919084,2025-09,2937500,2937500,73
FL,C00919084,2025-10,1248727,1248727,90
FL,C00919084,2025-11,496227,496227,59
FL,C00919084,2025-12,2831085,2831085,136
FL,C00919084,2026-01,3160153,3160153,199
FL,C00919084,2026-02,9104548,9104548,581
FL,C00919084,2026-03,10031987,10031987,603
FL,C00919084,2026-04,3101163,3101163,469
FL,C00919084,2026-05,12691576,12691576,975
FL,C00919084,2026-06,10053638,10053638,842
GA,C00369033,2025-01,46875,46875,45
GA,C00369033,2025-02,4975,4975,4
GA,C00369033,2025-03,101875,101875,2
GA,C00369033,2025-04,1459297,1459297,3
GA,C00369033,2025-05,556300,556300,14
GA,C00369033,2025-06,300000,300000,3
GA,C00369033,2025-08,90000,90000,2
GA,C00369033,2025-09,50000,50000,1
GA,C00369033,2025-10,24600,24600,26
GA,C00369033,2025-11,1850,1850,6
GA,C00369033,2025-12,100000,100000,1
GA,C00369033,2026-01,223680,223680,10
GA,C00369033,2026-02,226025,226025,3
GA,C00369033,2026-03,925000,925000,4
GA,C00369033,2026-04,500000,500000,10
GA,C00369033,2026-05,2035100,2035100,9
GA,C00901918,2025-04,706205,706205,3
GA,C00901918,2025-05,65410,65410,3
GA,C00901918,2025-06,455205,455205,3
GA,C00901918,2025-07,30000,30000,1
GA,C00901918,2025-08,25000,25000,1
GA,C00901918,2025-09,30205,30205,2
GA,C00901918,2025-10,65726,65726,5
GA,C00901918,2025-11,5726,5726,2
GA,C00901918,2025-12,552603,552603,2
GA,C00901918,2026-01,46025,46025,4
GA,C00901918,2026-02,765554,765554,8
GA,C00901918,2026-03,1120217,1120217,19
GA,C00901918,2026-04,1774033,1774033,7
GA,C00901918,2026-05,744580,-655420,34
GA,C00901918,2026-06,302690,302690,25
GA,C00919084,2025-09,1805000,1805000,31
GA,C00919084,2025-10,490600,490600,39
GA,C00919084,2025-11,386120,386120,33
GA,C00919084,2025-12,857800,857800,50
GA,C00919084,2026-01,1070000,1070000,88
GA,C00919084,2026-02,3201000,3201000,244
GA,C00919084,2026-03,3506765,3506765,223
GA,C00919084,2026-04,1176292,1176292,198
GA,C00919084,2026-05,4810690,4810690,406
GA,C00919084,2026-06,3922747,3922747,334
HI,C00369033,2025-06,50000,50000,1
HI,C00901918,2025-08,13410,13410,2
HI,C00901918,2026-03,41640,41640,2
HI,C00901918,2026-04,26025,26025,1
HI,C00901918,2026-05,68320,68320,6
HI,C00901918,2026-06,5000,5000,1
HI,C00919084,2025-09,171200,171200,11
HI,C00919084,2025-10,76200,76200,16
HI,C00919084,2025-11,99000,99000,14
HI,C00919084,2025-12,80000,80000,15
HI,C00919084,2026-01,182500,182500,28
HI,C00919084,2026-02,724500,724500,58
HI,C00919084,2026-03,627481,627481,60
HI,C00919084,2026-04,264814,264814,56
HI,C00919084,2026-05,845700,845700,96
HI,C00919084,2026-06,1136751,1136751,78
IA,C00369033,2025-01,3000,3000,2
IA,C00369033,2025-02,3000,3000,2
IA,C00369033,2025-03,3000,3000,2
IA,C00369033,2025-04,500,500,1
IA,C00369033,2025-05,5700,5700,4
IA,C00369033,2025-06,53000,53000,3
IA,C00369033,2025-07,53000,53000,3
IA,C00369033,2025-08,3000,3000,2
IA,C00369033,2025-09,3000,3000,2
IA,C00369033,2025-10,3000,3000,2
IA,C00369033,2025-11,3000,3000,2
IA,C00369033,2025-12,3000,3000,2
IA,C00369033,2026-01,3000,3000,2
IA,C00369033,2026-02,53000,53000,3
IA,C00369033,2026-04,103000,103000,4
IA,C00369033,2026-05,500,500,1
IA,C00901918,2025-09,350000,350000,1
IA,C00901918,2025-10,3500,3500,1
IA,C00901918,2025-12,10000,10000,2
IA,C00901918,2026-02,26000,26000,3
IA,C00901918,2026-03,10000,10000,2
IA,C00901918,2026-04,110000,110000,5
IA,C00901918,2026-05,15410,15410,2
IA,C00901918,2026-06,10410,10410,1
IA,C00919084,2025-09,350000,350000,5
IA,C00919084,2025-10,69000,69000,4
IA,C00919084,2025-11,53500,53500,4
IA,C00919084,2025-12,120254,120254,14
IA,C00919084,2026-01,147600,147600,18
IA,C00919084,2026-02,258900,258900,45
IA,C00919084,2026-03,416250,416250,42
IA,C00919084,2026-04,207623,207623,32
IA,C00919084,2026-05,864427,864427,59
IA,C00919084,2026-06,515847,515847,64
ID,C00369033,2025-03,300,300,1
ID,C00369033,2025-04,500,500,1
ID,C00369033,2025-05,154200,154200,9
ID,C00369033,2025-06,4200,4200,4
ID,C00369033,2025-07,57600,57600,6
ID,C00369033,2025-08,500,500,1
ID,C00369033,2025-09,200000,150000,4
ID,C00369033,2026-02,7500,7500,1
ID,C00369033,2026-04,100000,100000,2
ID,C00901918,2025-04,100000,100000,1
ID,C00901918,2025-09,60000,60000,2
ID,C00901918,2025-10,5205,5205,1
ID,C00901918,2025-11,5205,5205,1
ID,C00901918,2025-12,5205,5205,1
ID,C00901918,2026-01,12705,12705,4
ID,C00901918,2026-02,457637,457637,5
ID,C00901918,2026-03,283383,283383,11
ID,C00901918,2026-04,42169,42169,6
ID,C00901918,2026-05,75011,75011,6
ID,C00901918,2026-06,125205,125205,7
ID,C00919084,2025-09,136896,136896,6
ID,C00919084,2025-10,778500,778500,9
ID,C00919084,2025-11,40000,40000,5
ID,C00919084,2025-12,71000,71000,7
ID,C00919084,2026-01,162500,162500,16
ID,C00919084,2026-02,429900,429900,49
ID,C00919084,2026-03,658320,658320,49
ID,C00919084,2026-04,273245,273245,55
ID,C00919084,2026-05,929265,929265,92
ID,C00919084,2026-06,846213,846213,87
IL,C00369033,2025-03,384000,384000,4
IL,C00369033,2025-04,7500,7500,2
IL,C00369033,2025-05,300000,292500,2
IL,C00369033,2025-06,152000,152000,4
IL,C00369033,2025-07,150000,150000,2
IL,C00369033,2025-11,10000,10000,1
IL,C00369033,2025-12,559900,559900,3
IL,C00369033,2026-01,500,500,1
IL,C00369033,2026-02,437500,437500,4
IL,C00369033,2026-03,125000,125000,2
IL,C00369033,2026-04,3383500,3383500,22
IL,C00369033,2026-05,271516,271516,9
IL,C00901918,2025-06,800000,800000,3
IL,C00901918,2025-07,7500,7500,1
IL,C00901918,2025-08,10000,10000,1
IL,C00901918,2025-09,1364000,1364000,12
IL,C00901918,2025-10,30000,30000,2
IL,C00901918,2025-11,1082820,1082820,7
IL,C00901918,2025-12,140000,140000,7
IL,C00901918,2026-01,38000,38000,5
IL,C00901918,2026-02,156249,156249,15
IL,C00901918,2026-03,242067,242067,21
IL,C00901918,2026-04,192949,192949,18
IL,C00901918,2026-05,844548,844548,52
IL,C00901918,2026-06,275542,275542,43
IL,C00919084,2025-07,5000,5000,1
IL,C00919084,2025-09,1934785,1934785,44
IL,C00919084,2025-10,1331800,1331800,58
IL,C00919084,2025-11,414124,414124,39
IL,C00919084,2025-12,3691700,3691700,82
IL,C00919084,2026-01,2279000,2279000,160
IL,C00919084,2026-02,8419266,8419266,412
IL,C00919084,2026-03,8841555,8841555,414
IL,C00919084,2026-04,3095501,3095501,332
IL,C00919084,2026-05,8791112,8791112,619
IL,C00919084,2026-06,9436250,9436250,540
IN,C00369033,2025-01,1295,1295,7
IN,C00369033,2025-02,1195,1195,6
IN,C00369033,2025-03,26195,26195,7
IN,C00369033,2025-04,800,800,4
IN,C00369033,2025-05,51590,51590,9
IN,C00369033,2025-06,1195,1195,6
IN,C00369033,2025-07,1195,1195,6
IN,C00369033,2025-08,1195,1195,6
IN,C00369033,2025-09,100400,100400,4
IN,C00369033,2026-02,350000,350000,1
IN,C00369033,2026-03,30000,30000,1
IN,C00369033,2026-05,100499,100499,3
IN,C00901918,2025-04,83076,83076,3
IN,C00901918,2025-05,25000,25000,1
IN,C00901918,2025-10,30770,30770,4
IN,C00901918,2025-11,15410,15410,2
IN,C00901918,2025-12,10410,10410,1
IN,C00901918,2026-01,25820,25820,3
IN,C00901918,2026-02,243423,243423,5
IN,C00901918,2026-03,87793,87793,8
IN,C00901918,2026-04,150592,150592,13
IN,C00901918,2026-05,153424,153424,22
IN,C00901918,2026-06,94513,94513,22
IN,C00919084,2025-09,100000,100000,6
IN,C00919084,2025-10,199600,199600,17
IN,C00919084,2025-11,96000,96000,13
IN,C00919084,2025-12,258625,258625,20
IN,C00919084,2026-01,382000,382000,52
IN,C00919084,2026-02,1370500,1370500,130
IN,C00919084,2026-03,1419101,1419101,110
IN,C00919084,2026-04,531120,531120,94
IN,C00919084,2026-05,1894526,1894526,200
IN,C00919084,2026-06,1962036,1962036,173
KS,C00369033,2025-01,3900,3900,5
KS,C00369033,2025-02,900,900,2
KS,C00369033,2025-03,28900,28900,8
KS,C00369033,2025-04,600,-2200,1
KS,C00369033,2025-05,100000,100000,2
KS,C00369033,2025-06,50000,50000,1
KS,C00369033,2025-07,50000,50000,1
KS,C00369033,2025-08,850000,850000,3
KS,C00369033,2025-09,100000,100000,2
KS,C00369033,2025-10,50000,50000,1
KS,C00369033,2025-11,150000,150000,2
KS,C00369033,2025-12,50000,50000,1
KS,C00369033,2026-01,150000,150000,2
KS,C00369033,2026-02,102051,102051,2
KS,C00369033,2026-03,1181000,1181000,8
KS,C00369033,2026-04,255000,255000,6
KS,C00901918,2025-07,5000,5000,1
KS,C00901918,2025-08,5000,5000,1
KS,C00901918,2025-09,40000,40000,4
KS,C00901918,2025-10,25000,25000,4
KS,C00901918,2025-11,62500,62500,3
KS,C00901918,2025-12,20000,20000,3
KS,C00901918,2026-01,20000,20000,3
KS,C00901918,2026-02,176000,176000,10
KS,C00901918,2026-03,172400,172400,15
KS,C00901918,2026-04,60000,60000,6
KS,C00901918,2026-05,667836,667836,29
KS,C00901918,2026-06,320827,320827,25
KS,C00919084,2025-09,525000,525000,8
KS,C00919084,2025-10,271000,271000,16
KS,C00919084,2025-11,52500,52500,11
KS,C00919084,2025-12,126000,126000,21
KS,C00919084,2026-01,215300,215300,26
KS,C00919084,2026-02,905550,905550,73
KS,C00919084,2026-03,610400,610400,65
KS,C00919084,2026-04,380826,380826,75
KS,C00919084,2026-05,888206,888206,103
KS,C00919084,2026-06,806196,806196,80
KY,C00369033,2025-05,50000,50000,1
KY,C00369033,2025-06,650000,650000,6
KY,C00369033,2025-07,50000,50000,1
KY,C00369033,2025-09,50000,50000,1
KY,C00369033,2026-05,250000,250000,2
KY,C00901918,2025-04,10410,10410,1
KY,C00901918,2025-05,10410,10410,1
KY,C00901918,2025-06,2800000,2800000,2
KY,C00901918,2025-07,0,-1400000,0
KY,C00901918,2026-02,33525,33525,2
KY,C00901918,2026-03,6246,6246,2
KY,C00901918,2026-04,36435,36435,2
KY,C00901918,2026-05,92485,92485,7
KY,C00901918,2026-06,15615,-62460,2
KY,C00919084,2025-09,150000,150000,5
KY,C00919084,2025-10,402000,402000,15
KY,C00919084,2025-11,67500,67500,9
KY,C00919084,2025-12,281000,281000,17
KY,C00919084,2026-01,256126,256126,27
KY,C00919084,2026-02,2047426,2047426,64
KY,C00919084,2026-03,361700,361700,40
KY,C00919084,2026-04,207012,207012,53
KY,C00919084,2026-05,1029294,1029294,97
KY,C00919084,2026-06,656230,656230,73
LA,C00369033,2025-05,150000,150000,3
LA,C00369033,2025-06,100000,100000,2
LA,C00369033,2025-09,25000,25000,1
LA,C00369033,2025-11,52051,52051,1
LA,C00369033,2026-01,13000,13000,4
LA,C00369033,2026-02,72645,72645,15
LA,C00369033,2026-03,602500,602500,3
LA,C00369033,2026-04,50580,50580,4
LA,C00901918,2025-04,1400000,1400000,2
LA,C00901918,2025-06,350000,350000,2
LA,C00901918,2025-09,47500,47500,2
LA,C00901918,2025-10,33013,33013,3
LA,C00901918,2025-11,15000,15000,1
LA,C00901918,2025-12,25000,25000,1
LA,C00901918,2026-02,48123,48123,3
LA,C00901918,2026-03,169527,169527,9
LA,C00901918,2026-04,69157,69157,7
LA,C00901918,2026-05,175940,175940,13
LA,C00901918,2026-06,279230,279230,13
LA,C00919084,2025-09,582500,582500,11
LA,C00919084,2025-10,103391,103391,17
LA,C00919084,2025-11,171100,171100,17
LA,C00919084,2025-12,346940,346940,23
LA,C00919084,2026-01,476926,476926,40
LA,C00919084,2026-02,1088200,1088200,82
LA,C00919084,2026-03,2296526,2296526,105
LA,C00919084,2026-04,635385,635385,95
LA,C00919084,2026-05,1943726,1943726,159
LA,C00919084,2026-06,1291024,1291024,145
MA,C00369033,2025-03,623640,623640,3
MA,C00369033,2025-04,400000,400000,3
MA,C00369033,2025-05,50000,50000,1
MA,C00369033,2025-07,1350000,1350000,8
MA,C00369033,2025-08,160000,160000,3
MA,C00369033,2025-09,61300,61300,1
MA,C00369033,2025-10,2500,2500,1
MA,C00369033,2025-11,1500000,1500000,3
MA,C00369033,2025-12,707500,707500,2
MA,C00369033,2026-01,110000,110000,2
MA,C00369033,2026-02,243204,243204,5
MA,C00369033,2026-03,375000,375000,2
MA,C00369033,2026-04,100000,100000,1
MA,C00369033,2026-05,475000,475000,6
MA,C00901918,2025-04,50000,50000,1
MA,C00901918,2025-06,25000,25000,1
MA,C00901918,2025-08,5000,5000,1
MA,C00901918,2025-09,135000,135000,4
MA,C00901918,2025-10,7500,7500,1
MA,C00901918,2025-12,7500,7500,1
MA,C00901918,2026-01,32500,32500,4
MA,C00901918,2026-02,112000,112000,11
MA,C00901918,2026-03,179829,179829,14
MA,C00901918,2026-04,55000,55000,6
MA,C00901918,2026-05,196259,196259,19
MA,C00901918,2026-06,450515,450515,21
MA,C00919084,2025-07,1666,1666,1
MA,C00919084,2025-09,2630719,2630719,56
MA,C00919084,2025-10,838000,838000,57
MA,C00919084,2025-11,1773500,1773500,46
MA,C00919084,2025-12,2688000,2688000,93
MA,C00919084,2026-01,4355700,4355700,161
MA,C00919084,2026-02,10561219,10561219,425
MA,C00919084,2026-03,14315108,14315108,512
MA,C00919084,2026-04,5157146,5157146,354
MA,C00919084,2026-05,14847963,14847963,694
MA,C00919084,2026-06,19781679,19781679,685
MD,C00369033,2025-02,350000,350000,1
MD,C00369033,2025-05,100000,100000,1
MD,C00369033,2025-06,500000,500000,3
MD,C00369033,2025-07,150000,150000,1
MD,C00369033,2025-09,50000,50000,1
MD,C00369033,2025-11,80000,80000,2
MD,C00369033,2025-12,925000,925000,3
MD,C00369033,2026-01,200000,200000,2
MD,C00369033,2026-02,838458,838458,4
MD,C00369033,2026-03,1535000,1535000,10
MD,C00369033,2026-04,507500,507500,8
MD,C00369033,2026-05,680000,680000,7
MD,C00901918,2025-09,123102,123102,2
MD,C00901918,2025-10,25000,25000,2
MD,C00901918,2025-11,109308,109308,4
MD,C00901918,2025-12,70269,70269,3
MD,C00901918,2026-01,35820,35820,4
MD,C00901918,2026-02,765000,765000,10
MD,C00901918,2026-03,149006,149006,10
MD,C00901918,2026-04,763112,763112,8
MD,C00901918,2026-05,557650,557650,21
MD,C00901918,2026-06,348318,322293,15
MD,C00919084,2025-09,1266300,1266300,40
MD,C00919084,2025-10,1961500,1961500,68
MD,C00919084,2025-11,344585,344585,36
MD,C00919084,2025-12,2895800,2895800,65
MD,C00919084,2026-01,2109300,2109300,114
MD,C00919084,2026-02,6491876,6491876,304
MD,C00919084,2026-03,10158760,10158760,341
MD,C00919084,2026-04,2614797,2614797,287
MD,C00919084,2026-05,8527252,8527252,544
MD,C00919084,2026-06,8283321,8283321,499
ME,C00369033,2025-11,50000,50000,1
ME,C00901918,2025-09,10000,10000,1
ME,C00901918,2026-02,30000,30000,2
ME,C00901918,2026-03,20206,20206,4
ME,C00901918,2026-04,3124,3124,2
ME,C00901918,2026-05,29054,29054,5
ME,C00901918,2026-06,10062,10062,3
ME,C00919084,2025-09,55000,55000,3
ME,C00919084,2025-10,73000,73000,5
ME,C00919084,2025-11,8500,8500,4
ME,C00919084,2025-12,101500,101500,7
ME,C00919084,2026-01,287500,287500,23
ME,C00919084,2026-02,1287796,1287796,67
ME,C00919084,2026-03,549300,549300,53
ME,C00919084,2026-04,434800,434800,62
ME,C00919084,2026-05,2240774,2240774,136
ME,C00919084,2026-06,1776185,1776185,137
MI,C00369033,2025-01,2500,2500,1
MI,C00369033,2025-05,7000,7000,3
MI,C00369033,2025-09,404000,404000,3
MI,C00369033,2026-02,20000,20000,1
MI,C00369033,2026-03,40000,40000,1
MI,C00369033,2026-04,2075300,2075300,18
MI,C00369033,2026-05,25000,25000,1
MI,C00901918,2025-05,80000,80000,2
MI,C00901918,2025-06,20000,20000,1
MI,C00901918,2025-09,65000,65000,3
MI,C00901918,2025-10,66930,66930,11
MI,C00901918,2025-11,77869,77869,10
MI,C00901918,2025-12,14582,14582,4
MI,C00901918,2026-01,38541,38541,4
MI,C00901918,2026-02,91451,91451,8
MI,C00901918,2026-03,108951,108951,11
MI,C00901918,2026-04,55205,35205,8
MI,C00901918,2026-05,76434,76434,18
MI,C00901918,2026-06,65165,65165,25
MI,C00919084,2025-04,333,333,1
MI,C00919084,2025-06,333,333,1
MI,C00919084,2025-09,759100,759100,23
MI,C00919084,2025-10,412300,412300,46
MI,C00919084,2025-11,287000,287000,34
MI,C00919084,2025-12,473119,473119,46
MI,C00919084,2026-01,1047036,1047036,67
MI,C00919084,2026-02,3120028,3120028,226
MI,C00919084,2026-03,2409716,2409716,200
MI,C00919084,2026-04,1068269,1068269,201
MI,C00919084,2026-05,3585247,3585247,355
MI,C00919084,2026-06,3642828,3642828,342
MN,C00369033,2025-01,15000,15000,3
MN,C00369033,2025-02,15100,15100,4
MN,C00369033,2025-03,119102,119102,4
MN,C00369033,2025-04,119102,119102,4
MN,C00369033,2025-05,215000,215000,5
MN,C00369033,2025-06,15000,15000,3
MN,C00369033,2025-07,15000,15000,3
MN,C00369033,2025-08,15100,15100,4
MN,C00369033,2025-09,65000,65000,4
MN,C00369033,2025-10,12700,12700,3
MN,C00369033,2025-11,62500,62500,3
MN,C00369033,2025-12,13000,13000,3
MN,C00369033,2026-01,61850,61850,11
MN,C00369033,2026-02,262995,237995,5
MN,C00369033,2026-04,190000,190000,2
MN,C00369033,2026-05,212500,162500,5
MN,C00901918,2025-04,10410,10410,1
MN,C00901918,2025-05,10000,10000,1
MN,C00901918,2025-07,10000,10000,1
MN,C00901918,2025-08,30000,30000,2
MN,C00901918,2025-09,40000,40000,3
MN,C00901918,2025-10,30000,30000,2
MN,C00901918,2025-11,20000,20000,1
MN,C00901918,2025-12,20000,20000,1
MN,C00901918,2026-01,35000,35000,2
MN,C00901918,2026-02,50820,50820,3
MN,C00901918,2026-03,10000,10000,1
MN,C00901918,2026-04,50000,50000,3
MN,C00901918,2026-05,592793,592793,14
MN,C00901918,2026-06,37288,37288,5
MN,C00919084,2025-09,442027,442027,15
MN,C00919084,2025-10,905500,905500,22
MN,C00919084,2025-11,183100,183100,20
MN,C00919084,2025-12,1904661,1904661,33
MN,C00919084,2026-01,748701,748701,62
MN,C00919084,2026-02,4121165,4121165,185
MN,C00919084,2026-03,3163350,3163350,195
MN,C00919084,2026-04,704893,704893,154
MN,C00919084,2026-05,3935502,3935502,317
MN,C00919084,2026-06,3101829,3101829,260
MO,C00369033,2025-01,2500,2500,1
MO,C00369033,2025-02,2500,2500,1
MO,C00369033,2025-03,2500,2500,1
MO,C00369033,2025-04,2500,2500,1
MO,C00369033,2025-05,102500,102500,3
MO,C00369033,2025-06,2500,2500,1
MO,C00369033,2025-08,50000,50000,1
MO,C00369033,2025-09,50000,50000,1
MO,C00369033,2025-10,50000,50000,1
MO,C00369033,2025-12,350000,350000,1
MO,C00369033,2026-02,125000,125000,2
MO,C00369033,2026-03,25000,25000,1
MO,C00369033,2026-04,375000,375000,7
MO,C00369033,2026-05,135000,135000,3
MO,C00901918,2025-04,51025,51025,2
MO,C00901918,2025-06,935000,935000,5
MO,C00901918,2025-08,380000,380000,3
MO,C00901918,2025-09,765000,765000,5
MO,C00901918,2025-11,7600,7600,1
MO,C00901918,2025-12,5000,5000,1
MO,C00901918,2026-01,130910,130910,3
MO,C00901918,2026-02,14000,14000,2
MO,C00901918,2026-03,213626,213626,12
MO,C00901918,2026-04,57320,57320,5
MO,C00901918,2026-05,169648,169648,26
MO,C00901918,2026-06,89754,89754,14
MO,C00919084,2025-08,333,333,1
MO,C00919084,2025-09,740000,740000,12
MO,C00919084,2025-10,449900,449900,25
MO,C00919084,2025-11,146500,146500,18
MO,C00919084,2025-12,314500,314500,23
MO,C00919084,2026-01,777322,777322,55
MO,C00919084,2026-02,1785700,1785700,128
MO,C00919084,2026-03,1710420,1710420,119
MO,C00919084,2026-04,700227,700227,103
MO,C00919084,2026-05,3313400,3313400,240
MO,C00919084,2026-06,3336212,3336212,225
MS,C00369033,2025-03,114102,114102,2
MS,C00369033,2025-05,50000,50000,1
MS,C00369033,2025-09,50000,50000,1
MS,C00369033,2025-10,0,-697,0
MS,C00369033,2026-02,52051,52051,1
MS,C00369033,2026-04,250000,250000,2
MS,C00901918,2025-11,50000,50000,1
MS,C00901918,2026-02,10000,10000,1
MS,C00901918,2026-03,105000,105000,3
MS,C00901918,2026-04,5000,5000,1
MS,C00901918,2026-05,31304,31304,6
MS,C00901918,2026-06,18000,18000,4
MS,C00919084,2025-09,110000,110000,4
MS,C00919084,2025-10,95000,95000,7
MS,C00919084,2025-11,22500,22500,5
MS,C00919084,2025-12,315600,315600,12
MS,C00919084,2026-01,413500,413500,24
MS,C00919084,2026-02,637626,637626,38
MS,C00919084,2026-03,603224,603224,27
MS,C00919084,2026-04,177300,177300,21
MS,C00919084,2026-05,636300,636300,34
MS,C00919084,2026-06,794512,794512,32
MT,C00369033,2025-10,50000,50000,1
MT,C00369033,2026-04,50000,50000,1
MT,C00369033,2026-05,50000,50000,1
MT,C00901918,2025-04,60410,60410,2
MT,C00901918,2025-05,10410,10410,1
MT,C00901918,2025-08,7809,7809,3
MT,C00901918,2025-09,2603,2603,1
MT,C00901918,2025-10,10412,10412,4
MT,C00901918,2025-12,13013,13013,2
MT,C00901918,2026-01,30206,30206,3
MT,C00901918,2026-02,50206,50206,4
MT,C00901918,2026-03,109308,109308,3
MT,C00901918,2026-04,4478,4478,2
MT,C00901918,2026-05,15726,15726,8
MT,C00901918,2026-06,82228,82228,10
MT,C00919084,2025-09,550000,550000,6
MT,C00919084,2025-10,183400,183400,5
MT,C00919084,2025-11,64500,64500,4
MT,C00919084,2025-12,76700,76700,11
MT,C00919084,2026-01,91250,91250,10
MT,C00919084,2026-02,636326,636326,43
MT,C00919084,2026-03,637296,637296,40
MT,C00919084,2026-04,527100,527100,33
MT,C00919084,2026-05,682100,682100,60
MT,C00919084,2026-06,558096,558096,57
NC,C00369033,2025-01,30400,30400,18
NC,C00369033,2025-02,10000,10000,5
NC,C00369033,2025-03,9900,9900,5
NC,C00369033,2025-04,9000,9000,4
NC,C00369033,2025-05,158000,158000,6
NC,C00369033,2025-06,8000,8000,3
NC,C00369033,2025-07,58000,58000,4
NC,C00369033,2025-08,8000,8000,3
NC,C00369033,2025-09,109000,109000,6
NC,C00369033,2025-10,11500,11500,5
NC,C00369033,2025-11,8000,8000,3
NC,C00369033,2025-12,8000,8000,3
NC,C00369033,2026-01,8000,8000,3
NC,C00369033,2026-02,460051,460051,6
NC,C00369033,2026-04,556490,556490,8
NC,C00369033,2026-05,123000,123000,8
NC,C00901918,2025-04,720820,720820,3
NC,C00901918,2025-06,700000,700000,1
NC,C00901918,2025-09,75000,75000,1
NC,C00901918,2025-10,92051,92051,4
NC,C00901918,2025-11,11100,11100,1
NC,C00901918,2025-12,7500,7500,2
NC,C00901918,2026-01,30000,30000,1
NC,C00901918,2026-02,65910,65910,5
NC,C00901918,2026-03,211255,211255,17
NC,C00901918,2026-04,51808,51808,5
NC,C00901918,2026-05,300709,300709,35
NC,C00901918,2026-06,234885,234885,40
NC,C00919084,2025-09,1723020,1723020,38
NC,C00919084,2025-10,977296,977296,57
NC,C00919084,2025-11,514796,514796,37
NC,C00919084,2025-12,1264494,1264494,76
NC,C00919084,2026-01,1953200,1953200,183
NC,C00919084,2026-02,4904552,4904552,437
NC,C00919084,2026-03,4402397,4402397,331
NC,C00919084,2026-04,1944226,1944226,322
NC,C00919084,2026-05,6062000,6062000,554
NC,C00919084,2026-06,6110465,6110465,526
ND,C00369033,2026-01,50000,50000,1
ND,C00369033,2026-04,50000,50000,1
ND,C00901918,2025-04,25000,25000,1
ND,C00901918,2026-02,50000,50000,2
ND,C00901918,2026-03,15615,15615,1
ND,C00901918,2026-04,26025,26025,1
ND,C00901918,2026-05,64755,64755,5
ND,C00901918,2026-06,33500,33500,2
ND,C00919084,2025-11,100000,100000,1
ND,C00919084,2026-01,50300,50300,6
ND,C00919084,2026-02,72026,72026,12
ND,C00919084,2026-03,85000,85000,11
ND,C00919084,2026-04,42000,42000,9
ND,C00919084,2026-05,202100,202100,13
ND,C00919084,2026-06,110892,110892,14
NE,C00369033,2025-05,50000,50000,1
NE,C00369033,2026-02,10000,10000,1
NE,C00369033,2026-04,50000,50000,1
NE,C00369033,2026-05,5000,5000,1
NE,C00901918,2025-04,100000,100000,1
NE,C00901918,2025-10,2500,2500,1
NE,C00901918,2025-11,2500,2500,1
NE,C00901918,2025-12,2500,2500,1
NE,C00901918,2026-01,6500,6500,2
NE,C00901918,2026-02,127500,127500,5
NE,C00901918,2026-03,148730,148730,6
NE,C00901918,2026-04,12500,12500,2
NE,C00901918,2026-05,92500,92500,5
NE,C00901918,2026-06,8500,8500,2
NE,C00919084,2025-09,225000,225000,4
NE,C00919084,2025-10,34020,34020,4
NE,C00919084,2025-11,58200,58200,4
NE,C00919084,2025-12,90700,90700,7
NE,C00919084,2026-01,475700,475700,16
NE,C00919084,2026-02,435700,435700,48
NE,C00919084,2026-03,319096,319096,40
NE,C00919084,2026-04,588000,588000,44
NE,C00919084,2026-05,846600,846600,64
NE,C00919084,2026-06,698589,698589,65
NH,C00369033,2025-05,50000,50000,1
NH,C00369033,2025-12,200000,200000,1
NH,C00901918,2025-11,10000,10000,1
NH,C00901918,2025-12,10000,10000,1
NH,C00901918,2026-02,10000,10000,1
NH,C00901918,2026-03,7500,7500,2
NH,C00901918,2026-05,30500,30500,2
NH,C00901918,2026-06,20410,20410,2
NH,C00919084,2025-09,150000,150000,2
NH,C00919084,2025-10,37500,37500,4
NH,C00919084,2025-11,17500,17500,4
NH,C00919084,2025-12,60000,60000,7
NH,C00919084,2026-01,415000,415000,18
NH,C00919084,2026-02,827600,827600,32
NH,C00919084,2026-03,1670396,1670396,43
NH,C00919084,2026-04,221020,221020,47
NH,C00919084,2026-05,2154900,2154900,101
NH,C00919084,2026-06,1371931,1371931,81
NJ,C00369033,2025-01,1750,1750,2
NJ,C00369033,2025-02,1750,1750,2
NJ,C00369033,2025-03,1250,1250,1
NJ,C00369033,2025-04,101250,101250,2
NJ,C00369033,2025-05,101750,101750,4
NJ,C00369033,2025-06,178223,178223,2
NJ,C00369033,2025-07,1750,1750,2
NJ,C00369033,2025-08,1250,1250,1
NJ,C00369033,2025-09,51750,51750,3
NJ,C00369033,2025-10,1750,1750,2
NJ,C00369033,2025-11,8650,8650,7
NJ,C00369033,2025-12,19750,19750,9
NJ,C00369033,2026-01,1008750,1008750,9
NJ,C00369033,2026-02,710250,710250,7
NJ,C00369033,2026-03,1053470,1053470,5
NJ,C00369033,2026-04,151750,151750,4
NJ,C00369033,2026-05,701750,701750,6
NJ,C00901918,2025-10,48538,48538,7
NJ,C00901918,2025-11,12603,12603,3
NJ,C00901918,2025-12,557599,557599,5
NJ,C00901918,2026-01,14057,14057,5
NJ,C00901918,2026-02,156603,156603,15
NJ,C00901918,2026-03,611811,611811,15
NJ,C00901918,2026-04,90125,90125,14
NJ,C00901918,2026-05,280052,280052,44
NJ,C00901918,2026-06,232080,232080,45
NJ,C00919084,2025-01,5000,5000,1
NJ,C00919084,2025-02,5000,5000,1
NJ,C00919084,2025-03,5000,5000,1
NJ,C00919084,2025-04,5000,5000,1
NJ,C00919084,2025-05,5000,5000,1
NJ,C00919084,2025-06,5000,5000,1
NJ,C00919084,2025-07,5000,5000,1
NJ,C00919084,2025-08,5000,5000,1
NJ,C00919084,2025-09,671628,671628,28
NJ,C00919084,2025-10,475600,475600,41
NJ,C00919084,2025-11,272650,272650,43
NJ,C00919084,2025-12,761185,761185,73
NJ,C00919084,2026-01,1183826,1183826,114
NJ,C00919084,2026-02,3294750,3294750,275
NJ,C00919084,2026-03,4480770,4480770,251
NJ,C00919084,2026-04,1685200,1685200,211
NJ,C00919084,2026-05,5750468,5750468,428
NJ,C00919084,2026-06,4372915,4372915,357
NM,C00369033,2025-03,10000,10000,1
NM,C00369033,2025-11,75,75,2
NM,C00369033,2025-12,100,100,2
NM,C00369033,2026-01,900,900,1
NM,C00369033,2026-04,1923,1923,4
NM,C00901918,2025-04,100000,100000,1
NM,C00901918,2025-08,20000,20000,1
NM,C00901918,2025-09,31230,31230,1
NM,C00901918,2025-11,12500,12500,2
NM,C00901918,2025-12,13910,13910,2
NM,C00901918,2026-01,2500,2500,1
NM,C00901918,2026-02,43410,43410,7
NM,C00901918,2026-03,80256,80256,7
NM,C00901918,2026-04,9000,9000,2
NM,C00901918,2026-05,44320,44320,6
NM,C00901918,2026-06,721200,721200,8
NM,C00919084,2025-09,971624,971624,28
NM,C00919084,2025-10,739624,739624,33
NM,C00919084,2025-11,438500,438500,29
NM,C00919084,2025-12,833000,833000,49
NM,C00919084,2026-01,1184500,1184500,77
NM,C00919084,2026-02,2607101,2607101,180
NM,C00919084,2026-03,2887487,2887487,162
NM,C00919084,2026-04,1310300,1310300,179
NM,C00919084,2026-05,3325600,3325600,325
NM,C00919084,2026-06,3400793,3400793,318
NV,C00369033,2025-03,350000,350000,1
NV,C00369033,2025-05,100000,100000,2
NV,C00369033,2025-06,50000,50000,1
NV,C00369033,2025-09,150000,150000,2
NV,C00369033,2025-12,200000,200000,1
NV,C00369033,2026-02,150000,150000,2
NV,C00369033,2026-03,100000,100000,1
NV,C00369033,2026-04,50000,50000,1
NV,C00369033,2026-05,120000,120000,3
NV,C00901918,2025-04,100000,100000,2
NV,C00901918,2025-05,52051,52051,1
NV,C00901918,2025-07,1400000,1400000,1
NV,C00901918,2025-08,10410,10410,1
NV,C00901918,2025-10,127500,127500,2
NV,C00901918,2025-11,1417500,1417500,8
NV,C00901918,2025-12,1027500,1027500,3
NV,C00901918,2026-01,15513,15513,3
NV,C00901918,2026-02,144244,144244,14
NV,C00901918,2026-03,509448,509448,15
NV,C00901918,2026-04,148489,148489,14
NV,C00901918,2026-05,327158,327158,31
NV,C00901918,2026-06,150014,150014,23
NV,C00919084,2025-07,2500,2500,1
NV,C00919084,2025-08,2000,2000,1
NV,C00919084,2025-09,125000,125000,3
NV,C00919084,2025-10,557500,557500,13
NV,C00919084,2025-11,25000,25000,4
NV,C00919084,2025-12,180000,180000,12
NV,C00919084,2026-01,685526,685526,24
NV,C00919084,2026-02,794127,794127,54
NV,C00919084,2026-03,2350000,2350000,60
NV,C00919084,2026-04,373600,373600,60
NV,C00919084,2026-05,1370756,1370756,117
NV,C00919084,2026-06,1740338,1740338,117
NY,C00369033,2025-03,1175000,1175000,5
NY,C00369033,2025-04,625000,625000,5
NY,C00369033,2025-05,200000,150000,2
NY,C00369033,2025-06,2521000,2521000,10
NY,C00369033,2025-07,607500,607500,4
NY,C00369033,2025-09,511000,511000,7
NY,C00369033,2025-10,7400,7400,5
NY,C00369033,2025-11,2272100,2272100,20
NY,C00369033,2025-12,4841900,4841900,22
NY,C00369033,2026-01,3626200,3626200,24
NY,C00369033,2026-02,1126900,1126900,11
NY,C00369033,2026-03,10666570,10666570,32
NY,C00369033,2026-04,1125000,1125000,7
NY,C00369033,2026-05,2253500,2253500,14
NY,C00901918,2025-04,52051,52051,1
NY,C00901918,2025-05,25000,25000,1
NY,C00901918,2025-06,2875000,2875000,5
NY,C00901918,2025-07,20000,20000,1
NY,C00901918,2025-08,5000,5000,1
NY,C00901918,2025-09,17500,17500,3
NY,C00901918,2025-10,2500,2500,1
NY,C00901918,2025-11,25500,25500,3
NY,C00901918,2025-12,44431,44431,7
NY,C00901918,2026-01,36115,36115,5
NY,C00901918,2026-02,128300,128300,17
NY,C00901918,2026-03,643760,643760,23
NY,C00901918,2026-04,157520,131495,16
NY,C00901918,2026-05,358969,333969,58
NY,C00901918,2026-06,1233019,1233019,46
NY,C00919084,2025-08,666,666,1
NY,C00919084,2025-09,8218154,8218154,112
NY,C00919084,2025-10,5827090,5827090,119
NY,C00919084,2025-11,3836000,3836000,76
NY,C00919084,2025-12,3572419,3572419,122
NY,C00919084,2026-01,10255166,10255166,286
NY,C00919084,2026-02,25374900,25374900,744
NY,C00919084,2026-03,29985153,29985153,747
NY,C00919084,2026-04,12268672,12268672,585
NY,C00919084,2026-05,19584467,19584467,1148
NY,C00919084,2026-06,16527746,16527746,1034
OH,C00369033,2025-04,25000,25000,1
OH,C00369033,2025-05,300000,300000,2
OH,C00369033,2025-11,700000,700000,1
OH,C00369033,2026-03,50000,50000,2
OH,C00369033,2026-04,550000,550000,4
OH,C00369033,2026-05,470000,470000,5
OH,C00901918,2025-04,20820,20820,2
OH,C00901918,2025-06,300000,300000,1
OH,C00901918,2025-10,6247,6247,4
OH,C00901918,2025-11,7808,7808,1
OH,C00901918,2025-12,361000,361000,4
OH,C00901918,2026-01,23500,23500,2
OH,C00901918,2026-02,36025,36025,3
OH,C00901918,2026-03,798332,798332,8
OH,C00901918,2026-04,60410,60410,3
OH,C00901918,2026-05,253996,253996,9
OH,C00901918,2026-06,352127,352127,14
OH,C00919084,2025-09,1019727,1019727,32
OH,C00919084,2025-10,423924,423924,37
OH,C00919084,2025-11,179800,179800,28
OH,C00919084,2025-12,598526,598526,41
OH,C00919084,2026-01,822426,822426,66
OH,C00919084,2026-02,1711807,1711807,163
OH,C00919084,2026-03,3966500,3966500,172
OH,C00919084,2026-04,728877,728877,128
OH,C00919084,2026-05,2997520,2997520,240
OH,C00919084,2026-06,3248339,3248339,226
OK,C00369033,2025-03,100000,100000,1
OK,C00369033,2025-04,4000,4000,1
OK,C00369033,2025-05,4000,4000,1
OK,C00369033,2025-06,354000,354000,2
OK,C00369033,2025-07,4000,4000,1
OK,C00369033,2025-08,4800,4800,1
OK,C00369033,2025-09,4800,4800,1
OK,C00369033,2025-10,354800,354800,2
OK,C00369033,2025-11,4800,4800,1
OK,C00369033,2025-12,4800,4800,1
OK,C00369033,2026-01,350000,350000,1
OK,C00369033,2026-03,80000,80000,2
OK,C00369033,2026-04,67500,67500,3
OK,C00369033,2026-05,414250,414250,4
OK,C00901918,2025-04,26025,26025,1
OK,C00901918,2025-07,19013,19013,4
OK,C00901918,2025-08,119512,119512,3
OK,C00901918,2025-09,51820,51820,5
OK,C00901918,2025-10,43013,43013,4
OK,C00901918,2025-11,74780,74780,6
OK,C00901918,2025-12,46320,46320,7
OK,C00901918,2026-01,407640,407640,8
OK,C00901918,2026-02,322038,322038,13
OK,C00901918,2026-03,367489,367489,25
OK,C00901918,2026-04,231438,231438,11
OK,C00901918,2026-05,588471,588471,17
OK,C00901918,2026-06,416842,416842,27
OK,C00919084,2025-09,525000,525000,7
OK,C00919084,2025-10,131000,131000,21
OK,C00919084,2025-11,123100,123100,19
OK,C00919084,2025-12,349600,349600,35
OK,C00919084,2026-01,365719,365719,44
OK,C00919084,2026-02,1306000,1306000,116
OK,C00919084,2026-03,2042450,2042450,126
OK,C00919084,2026-04,674701,674701,111
OK,C00919084,2026-05,2495450,2495450,189
OK,C00919084,2026-06,2000452,2000452,199
OR,C00369033,2026-04,50000,50000,1
OR,C00369033,2026-05,250000,250000,2
OR,C00901918,2025-04,11000,11000,4
OR,C00901918,2025-05,5000,5000,2
OR,C00901918,2025-06,505000,505000,3
OR,C00901918,2025-07,20500,20500,4
OR,C00901918,2025-08,17500,17500,4
OR,C00901918,2025-09,28000,28000,4
OR,C00901918,2025-10,26308,26308,5
OR,C00901918,2025-11,16000,16000,3
OR,C00901918,2025-12,26820,26820,4
OR,C00901918,2026-01,26000,26000,4
OR,C00901918,2026-02,75910,75910,10
OR,C00901918,2026-03,187935,187935,13
OR,C00901918,2026-04,41115,41115,8
OR,C00901918,2026-05,232430,232430,19
OR,C00901918,2026-06,80145,80145,12
OR,C00919084,2025-09,735000,735000,18
OR,C00919084,2025-10,551800,551800,42
OR,C00919084,2025-11,275800,275800,43
OR,C00919084,2025-12,773127,773127,67
OR,C00919084,2026-01,1390400,1390400,122
OR,C00919084,2026-02,3764026,3764026,323
OR,C00919084,2026-03,3737120,3737120,295
OR,C00919084,2026-04,1793266,1793266,270
OR,C00919084,2026-05,5386766,5386766,525
OR,C00919084,2026-06,5659107,5659107,487
PA,C00369033,2025-01,2500,2500,1
PA,C00369033,2025-02,6500,6500,4
PA,C00369033,2025-03,32500,32500,2
PA,C00369033,2025-04,3500,3500,4
PA,C00369033,2025-05,58500,58500,9
PA,C00369033,2025-06,150000,150000,3
PA,C00369033,2025-07,3000,3000,3
PA,C00369033,2025-08,5000,5000,5
PA,C00369033,2025-09,51600,51600,3
PA,C00369033,2025-10,103000,103000,4
PA,C00369033,2025-11,25000,25000,1
PA,C00369033,2025-12,382000,382000,6
PA,C00369033,2026-01,10000,10000,6
PA,C00369033,2026-02,165500,165500,7
PA,C00369033,2026-03,200000,200000,2
PA,C00369033,2026-04,50000,50000,1
PA,C00369033,2026-05,492000,442000,8
PA,C00901918,2025-04,700000,700000,1
PA,C00901918,2025-05,50100,50100,2
PA,C00901918,2025-06,400000,400000,2
PA,C00901918,2025-07,402050,402050,3
PA,C00901918,2025-08,86025,86025,3
PA,C00901918,2025-09,1160000,1160000,4
PA,C00901918,2025-10,14581,14581,3
PA,C00901918,2025-11,22183,22183,4
PA,C00901918,2025-12,97577,42577,16
PA,C00901918,2026-01,41664,41664,9
PA,C00901918,2026-02,80500,80500,6
PA,C00901918,2026-03,960190,960190,32
PA,C00901918,2026-04,2228991,2228991,16
PA,C00901918,2026-05,437078,87078,49
PA,C00901918,2026-06,170626,170626,31
PA,C00919084,2025-07,333,333,1
PA,C00919084,2025-09,1698499,1698499,30
PA,C00919084,2025-10,848596,848596,61
PA,C00919084,2025-11,180900,180900,44
PA,C00919084,2025-12,793700,793700,85
PA,C00919084,2026-01,1062479,1062479,132
PA,C00919084,2026-02,4602176,4602176,334
PA,C00919084,2026-03,5727697,5727697,289
PA,C00919084,2026-04,1288193,1288193,241
PA,C00919084,2026-05,4890184,4890184,451
PA,C00919084,2026-06,5436046,5436046,433
PR,C00369033,2026-03,1400000,1400000,2
PR,C00901918,2026-02,350000,350000,1
PR,C00901918,2026-05,104102,104102,1
PR,C00919084,2025-09,60000,60000,2
PR,C00919084,2025-11,10000,10000,1
PR,C00919084,2025-12,10000,10000,1
PR,C00919084,2026-01,10000,10000,1
PR,C00919084,2026-04,700,700,1
PR,C00919084,2026-05,700,700,1
PR,C00919084,2026-06,759227,759227,5
RI,C00369033,2026-01,350000,350000,1
RI,C00901918,2025-08,20000,20000,1
RI,C00901918,2025-09,50000,50000,1
RI,C00901918,2026-01,15000,15000,2
RI,C00901918,2026-02,15000,15000,2
RI,C00901918,2026-03,15000,15000,2
RI,C00901918,2026-04,5000,5000,1
RI,C00901918,2026-05,15500,15500,3
RI,C00901918,2026-06,22500,22500,3
RI,C00919084,2025-09,90000,90000,5
RI,C00919084,2025-10,29528,29528,5
RI,C00919084,2025-11,7500,7500,2
RI,C00919084,2025-12,122500,122500,13
RI,C00919084,2026-01,453500,453500,21
RI,C00919084,2026-02,879526,879526,54
RI,C00919084,2026-03,1078500,1078500,44
RI,C00919084,2026-04,274046,274046,40
RI,C00919084,2026-05,929050,929050,77
RI,C00919084,2026-06,958889,958889,69
SC,C00369033,2025-01,50000,50000,1
SC,C00369033,2025-03,50000,50000,1
SC,C00369033,2025-05,100000,100000,2
SC,C00369033,2025-06,151000,151000,4
SC,C00369033,2025-07,6500,6500,4
SC,C00369033,2025-08,13000,13000,7
SC,C00369033,2025-09,206000,206000,7
SC,C00369033,2025-10,110900,110900,6
SC,C00369033,2025-11,704900,704900,5
SC,C00369033,2025-12,5000,5000,2
SC,C00369033,2026-01,252000,252000,2
SC,C00369033,2026-04,100000,100000,2
SC,C00369033,2026-05,50000,50000,1
SC,C00901918,2025-04,5000,5000,1
SC,C00901918,2025-05,20000,20000,2
SC,C00901918,2025-06,710000,710000,2
SC,C00901918,2025-07,15000,15000,2
SC,C00901918,2025-08,36900,36900,5
SC,C00901918,2025-09,26000,26000,3
SC,C00901918,2025-10,17500,17500,2
SC,C00901918,2025-11,10000,10000,1
SC,C00901918,2025-12,17500,17500,2
SC,C00901918,2026-02,35000,35000,3
SC,C00901918,2026-03,128102,128102,4
SC,C00901918,2026-04,35747,35747,6
SC,C00901918,2026-05,118842,118842,16
SC,C00901918,2026-06,95752,95752,22
SC,C00919084,2025-09,1200100,1200100,21
SC,C00919084,2025-10,967000,967000,22
SC,C00919084,2025-11,108000,108000,16
SC,C00919084,2025-12,407557,407557,28
SC,C00919084,2026-01,742900,742900,68
SC,C00919084,2026-02,2024300,2024300,154
SC,C00919084,2026-03,2959166,2959166,136
SC,C00919084,2026-04,737300,737300,115
SC,C00919084,2026-05,2066650,2066650,194
SC,C00919084,2026-06,2813069,2813069,189
SD,C00369033,2025-06,50000,50000,1
SD,C00369033,2026-04,50000,50000,1
SD,C00901918,2025-04,50000,50000,1
SD,C00901918,2025-10,25000,25000,1
SD,C00901918,2026-05,50000,50000,1
SD,C00919084,2025-09,40000,40000,2
SD,C00919084,2025-10,7500,7500,3
SD,C00919084,2025-11,7500,7500,3
SD,C00919084,2025-12,107500,107500,5
SD,C00919084,2026-01,97000,97000,13
SD,C00919084,2026-02,218000,218000,22
SD,C00919084,2026-03,125500,125500,19
SD,C00919084,2026-04,92500,92500,26
SD,C00919084,2026-05,324600,324600,44
SD,C00919084,2026-06,144869,144869,32
TN,C00369033,2025-01,5000,5000,2
TN,C00369033,2025-02,2500,2500,1
TN,C00369033,2025-03,2500,2500,1
TN,C00369033,2025-04,2500,2500,1
TN,C00369033,2025-05,237800,237800,27
TN,C00369033,2025-06,52500,52500,2
TN,C00369033,2025-07,52500,52500,2
TN,C00369033,2025-08,52500,52500,2
TN,C00369033,2025-09,352500,352500,7
TN,C00369033,2025-10,402500,402500,3
TN,C00369033,2025-11,2500,2500,1
TN,C00369033,2025-12,2500,2500,1
TN,C00369033,2026-01,18400,18400,5
TN,C00369033,2026-02,16000,16000,6
TN,C00369033,2026-03,100000,100000,1
TN,C00369033,2026-04,117500,117500,4
TN,C00369033,2026-05,52500,52500,2
TN,C00901918,2025-04,1874766,1874766,5
TN,C00901918,2025-06,10000,10000,1
TN,C00901918,2025-07,1000,1000,1
TN,C00901918,2025-08,1000,1000,1
TN,C00901918,2025-09,261500,261500,4
TN,C00901918,2025-10,77400,77400,6
TN,C00901918,2025-11,34113,34113,6
TN,C00901918,2025-12,45349,45349,6
TN,C00901918,2026-01,385849,385849,7
TN,C00901918,2026-02,84500,84500,9
TN,C00901918,2026-03,1280653,1280653,19
TN,C00901918,2026-04,343327,343327,10
TN,C00901918,2026-05,150368,-199632,23
TN,C00901918,2026-06,100443,100443,22
TN,C00919084,2025-01,1000,1000,1
TN,C00919084,2025-02,1000,1000,1
TN,C00919084,2025-03,1000,1000,1
TN,C00919084,2025-04,1000,1000,1
TN,C00919084,2025-05,1000,1000,1
TN,C00919084,2025-06,1333,1333,2
TN,C00919084,2025-07,1000,1000,1
TN,C00919084,2025-08,1000,1000,1
TN,C00919084,2025-09,1051000,1051000,24
TN,C00919084,2025-10,2601500,2601500,48
TN,C00919084,2025-11,124000,124000,17
TN,C00919084,2025-12,1297900,1297900,42
TN,C00919084,2026-01,1599026,1599026,65
TN,C00919084,2026-02,2428653,2428653,196
TN,C00919084,2026-03,4189777,4189777,188
TN,C00919084,2026-04,1545823,1545823,174
TN,C00919084,2026-05,3689126,3689126,327
TN,C00919084,2026-06,4108329,4108329,292
TX,C00369033,2025-01,339850,334850,89
TX,C00369033,2025-02,986270,986270,88
TX,C00369033,2025-03,14512153,14512153,246
TX,C00369033,2025-04,14978824,14973824,161
TX,C00369033,2025-05,5859152,5859152,160
TX,C00369033,2025-06,7639400,7626400,149
TX,C00369033,2025-07,2216750,2216750,108
TX,C00369033,2025-08,2244400,2244400,114
TX,C00369033,2025-09,12043198,12043198,177
TX,C00369033,2025-10,2977463,2977463,117
TX,C00369033,2025-11,4027192,4027192,162
TX,C00369033,2025-12,12574177,12574177,305
TX,C00369033,2026-01,7948423,7948423,219
TX,C00369033,2026-02,15919967,15919967,339
TX,C00369033,2026-03,29265483,29265427,249
TX,C00369033,2026-04,20778121,20765706,339
TX,C00369033,2026-05,18960004,18904204,539
TX,C00901918,2025-04,55497276,54097276,258
TX,C00901918,2025-05,36432679,36432679,235
TX,C00901918,2025-06,128864894,127275538,351
TX,C00901918,2025-07,8788786,6610711,214
TX,C00901918,2025-08,16457108,16436600,265
TX,C00901918,2025-09,70977411,69567001,505
TX,C00901918,2025-10,23011594,19992980,462
TX,C00901918,2025-11,22719464,22693439,401
TX,C00901918,2025-12,34885037,34885037,557
TX,C00901918,2026-01,23731369,23731369,492
TX,C00901918,2026-02,47626704,47616704,969
TX,C00901918,2026-03,30379806,30015450,1291
TX,C00901918,2026-04,19714384,18317277,1000
TX,C00901918,2026-05,42971317,39690435,2147
TX,C00901918,2026-06,37958776,37728891,1964
TX,C00919084,2025-06,2499,2499,3
TX,C00919084,2025-07,63666,63666,11
TX,C00919084,2025-08,13499,13499,5
TX,C00919084,2025-09,142100648,142100648,2450
TX,C00919084,2025-10,43967678,43937678,2927
TX,C00919084,2025-11,39575065,39575065,2584
TX,C00919084,2025-12,90455652,90455652,4602
TX,C00919084,2026-01,148152507,148097507,8341
TX,C00919084,2026-02,216536753,216536753,14551
TX,C00919084,2026-03,325305047,325305047,15861
TX,C00919084,2026-04,135427316,135427316,13328
TX,C00919084,2026-05,227714749,227714749,20741
TX,C00919084,2026-06,224884393,224819393,21478
UT,C00369033,2025-01,500,500,1
UT,C00369033,2025-02,500,500,1
UT,C00369033,2025-03,500,500,1
UT,C00369033,2025-04,500,500,1
UT,C00369033,2025-05,50000,50000,1
UT,C00369033,2025-07,50000,50000,1
UT,C00369033,2026-02,500000,500000,1
UT,C00369033,2026-03,350000,350000,1
UT,C00369033,2026-04,300000,300000,3
UT,C00369033,2026-05,25000,25000,1
UT,C00901918,2025-06,7625000,7625000,19
UT,C00901918,2025-07,960000,960000,3
UT,C00901918,2025-08,10000,10000,1
UT,C00901918,2025-09,710000,710000,2
UT,C00901918,2026-01,29890,29890,4
UT,C00901918,2026-02,409859,409859,4
UT,C00901918,2026-03,61436,61436,7
UT,C00901918,2026-04,3123,3123,1
UT,C00901918,2026-05,87910,87910,6
UT,C00901918,2026-06,12500,12500,2
UT,C00919084,2025-09,500000,500000,8
UT,C00919084,2025-10,45000,45000,3
UT,C00919084,2025-11,45000,45000,3
UT,C00919084,2025-12,290000,290000,7
UT,C00919084,2026-01,522500,522500,26
UT,C00919084,2026-02,1138000,1138000,62
UT,C00919084,2026-03,1165000,1165000,67
UT,C00919084,2026-04,326500,326500,58
UT,C00919084,2026-05,1789200,1789200,122
UT,C00919084,2026-06,1622731,1622731,115
VA,C00369033,2025-01,1250,1250,1
VA,C00369033,2025-02,351250,351250,2
VA,C00369033,2025-03,651250,651250,4
VA,C00369033,2025-04,940000,940000,4
VA,C00369033,2025-05,250000,250000,5
VA,C00369033,2025-06,701600,701600,9
VA,C00369033,2025-07,1609700,1609700,27
VA,C00369033,2025-08,654400,654400,19
VA,C00369033,2025-09,600600,600600,8
VA,C00369033,2025-10,611198,611198,8
VA,C00369033,2025-11,451900,451900,10
VA,C00369033,2025-12,755400,755400,8
VA,C00369033,2026-01,495000,495000,6
VA,C00369033,2026-02,580000,580000,7
VA,C00369033,2026-03,4152051,4152051,29
VA,C00369033,2026-04,1261750,1261750,16
VA,C00369033,2026-05,1016153,1016153,19
VA,C00901918,2025-04,796025,796025,5
VA,C00901918,2025-05,155000,155000,5
VA,C00901918,2025-06,20000,20000,2
VA,C00901918,2025-07,171025,171025,5
VA,C00901918,2025-08,55000,55000,4
VA,C00901918,2025-09,100000,100000,5
VA,C00901918,2025-10,25205,25205,3
VA,C00901918,2025-11,70205,70205,7
VA,C00901918,2025-12,357500,357500,12
VA,C00901918,2026-01,72176,72176,9
VA,C00901918,2026-02,532533,532533,27
VA,C00901918,2026-03,351742,351742,31
VA,C00901918,2026-04,178490,178490,20
VA,C00901918,2026-05,981357,981357,59
VA,C00901918,2026-06,1374116,1374116,41
VA,C00919084,2025-09,1760120,1760120,32
VA,C00919084,2025-10,874500,874500,47
VA,C00919084,2025-11,347900,347900,25
VA,C00919084,2025-12,4550600,4550600,65
VA,C00919084,2026-01,3168600,3168600,157
VA,C00919084,2026-02,7505826,7505826,376
VA,C00919084,2026-03,8139025,8139025,333
VA,C00919084,2026-04,1990527,1990527,332
VA,C00919084,2026-05,8953731,8953731,653
VA,C00919084,2026-06,7384374,7384374,603
VT,C00369033,2025-05,50000,50000,1
VT,C00901918,2026-04,5000,5000,1
VT,C00919084,2025-09,64081,64081,4
VT,C00919084,2025-10,437500,437500,17
VT,C00919084,2025-11,60000,60000,7
VT,C00919084,2025-12,184500,184500,14
VT,C00919084,2026-01,202000,202000,27
VT,C00919084,2026-02,711900,711900,53
VT,C00919084,2026-03,1034800,1034800,54
VT,C00919084,2026-04,316752,316752,52
VT,C00919084,2026-05,1268575,1268575,102
VT,C00919084,2026-06,1366008,1366008,101
WA,C00369033,2025-06,550000,400000,2
WA,C00369033,2025-08,375000,375000,2
WA,C00369033,2025-09,50000,50000,1
WA,C00369033,2025-10,350000,350000,1
WA,C00369033,2025-11,125000,125000,2
WA,C00369033,2026-01,100000,100000,1
WA,C00369033,2026-03,700000,700000,1
WA,C00369033,2026-04,100000,100000,2
WA,C00369033,2026-05,100000,100000,1
WA,C00901918,2025-04,225947,225947,6
WA,C00901918,2025-06,10000,10000,1
WA,C00901918,2025-08,26025,26025,1
WA,C00901918,2025-09,51025,51025,2
WA,C00901918,2025-10,4000,4000,1
WA,C00901918,2025-11,85000,85000,4
WA,C00901918,2025-12,13013,13013,1
WA,C00901918,2026-01,36435,36435,2
WA,C00901918,2026-02,93705,93705,6
WA,C00901918,2026-03,480708,480708,10
WA,C00901918,2026-04,78000,78000,5
WA,C00901918,2026-05,343852,343852,15
WA,C00901918,2026-06,230890,126788,11
WA,C00919084,2025-09,3195394,3195394,60
WA,C00919084,2025-10,1337700,1337700,84
WA,C00919084,2025-11,566000,566000,59
WA,C00919084,2025-12,1551520,1551520,112
WA,C00919084,2026-01,2750024,2750024,199
WA,C00919084,2026-02,8339181,8339181,539
WA,C00919084,2026-03,11729326,11729326,567
WA,C00919084,2026-04,8845053,8845053,545
WA,C00919084,2026-05,12912737,12912737,880
WA,C00919084,2026-06,12362332,12362332,848
WI,C00369033,2025-01,2500,2500,1
WI,C00369033,2025-02,2500,2500,1
WI,C00369033,2025-03,127500,127500,3
WI,C00369033,2025-04,2500,2500,1
WI,C00369033,2025-05,2500,2500,1
WI,C00369033,2025-06,2500,2500,1
WI,C00369033,2025-07,4000,4000,2
WI,C00369033,2025-08,2500,2500,1
WI,C00369033,2025-09,2500,2500,1
WI,C00369033,2025-10,2500,2500,1
WI,C00369033,2025-12,150900,150900,3
WI,C00369033,2026-03,100000,100000,1
WI,C00369033,2026-04,150000,150000,2
WI,C00901918,2025-04,25000,25000,1
WI,C00901918,2025-07,5000,5000,1
WI,C00901918,2025-08,5000,5000,1
WI,C00901918,2025-09,5000,5000,1
WI,C00901918,2025-10,65000,65000,3
WI,C00901918,2025-11,35000,35000,2
WI,C00901918,2025-12,5000,5000,1
WI,C00901918,2026-01,20615,20615,2
WI,C00901918,2026-02,35500,35500,3
WI,C00901918,2026-03,152435,152435,8
WI,C00901918,2026-04,10000,10000,2
WI,C00901918,2026-05,37525,37525,10
WI,C00901918,2026-06,95000,95000,4
WI,C00919084,2025-09,505000,505000,12
WI,C00919084,2025-10,200692,200692,9
WI,C00919084,2025-11,120000,120000,10
WI,C00919084,2025-12,270000,270000,15
WI,C00919084,2026-01,856187,856187,40
WI,C00919084,2026-02,1706200,1706200,107
WI,C00919084,2026-03,1547527,1547527,109
WI,C00919084,2026-04,484426,484426,91
WI,C00919084,2026-05,1656026,1656026,159
WI,C00919084,2026-06,1693906,1693906,163
WV,C00369033,2025-01,2500,2500,1
WV,C00369033,2025-02,2500,2500,1
WV,C00369033,2025-03,2500,2500,1
WV,C00369033,2025-05,55000,55000,3
WV,C00369033,2025-06,2500,2500,1
WV,C00369033,2025-07,2500,2500,1
WV,C00369033,2025-08,2500,2500,1
WV,C00369033,2025-09,2500,2500,1
WV,C00369033,2025-10,2500,2500,1
WV,C00369033,2025-11,2500,2500,1
WV,C00369033,2025-12,2500,2500,1
WV,C00369033,2026-01,102500,102500,2
WV,C00369033,2026-02,2500,2500,1
WV,C00369033,2026-04,2500,2500,1
WV,C00901918,2026-01,5000,5000,1
WV,C00901918,2026-02,15500,15500,3
WV,C00901918,2026-03,28910,28910,4
WV,C00901918,2026-04,29000,29000,4
WV,C00901918,2026-05,11910,11910,2
WV,C00901918,2026-06,11910,11910,2
WV,C00919084,2025-09,50000,50000,1
WV,C00919084,2025-12,160000,160000,3
WV,C00919084,2026-01,94500,94500,10
WV,C00919084,2026-02,512500,512500,17
WV,C00919084,2026-03,517500,517500,18
WV,C00919084,2026-04,72820,72820,13
WV,C00919084,2026-05,435000,435000,23
WV,C00919084,2026-06,146896,146896,25
WY,C00369033,2025-08,50000,50000,1
WY,C00369033,2026-04,50000,50000,1
WY,C00901918,2025-04,36435,36435,2
WY,C00901918,2025-06,726025,726025,2
WY,C00901918,2025-07,700000,700000,1
WY,C00901918,2025-10,25000,25000,1
WY,C00901918,2026-01,25000,25000,1
WY,C00901918,2026-02,10410,10410,1
WY,C00901918,2026-03,26025,26025,1
WY,C00901918,2026-04,17287,17287,2
WY,C00901918,2026-05,17287,17287,2
WY,C00901918,2026-06,15000,15000,2
WY,C00919084,2025-09,250000,250000,4
WY,C00919084,2025-10,165000,165000,4
WY,C00919084,2025-11,5000,5000,1
WY,C00919084,2025-12,5000,5000,1
WY,C00919084,2026-01,1532500,1532500,8
WY,C00919084,2026-02,258400,258400,15
WY,C00919084,2026-03,756834,756834,16
WY,C00919084,2026-04,517700,517700,11
WY,C00919084,2026-05,278200,278200,24
WY,C00919084,2026-06,1768396,1768396,34
XX,C00901918,2025-06,2150000,2150000,4
XX,C00901918,2026-02,75000,75000,2
XX,C00901918,2026-03,200000,200000,1
XX,C00901918,2026-05,50000,50000,1
ZZ,C00901918,2025-09,1530000,1530000,3
ZZ,C00901918,2026-01,300000,300000,1
ZZ,C00919084,2025-09,50000,50000,1
ZZ,C00919084,2026-02,100000,100000,1
