level,state,candidate,election,single_gift,accumulated,over_limit_contributions
cbsa,CO,C00919084,general,1.04,0.00,0.00
cbsa,CO,C00919084,primary,0.00,1.00,0.00
cbsa,GA,C00901918,runoff,0.26,0.00,0.26
cbsa,ME,C00919084,general,1.00,0.00,0.00
cbsa,NC,C00919084,general,1.00,0.00,1.00
cbsa,NC,C00919084,primary,1.00,0.00,0.00
cbsa,NY,C00901918,general,1.00,0.00,1.00
cbsa,TX,C00369033,primary,2.00,0.00,0.00
cbsa,TX,C00369033,runoff,1.12,0.06,0.12
cbsa,TX,C00901918,general,1.00,0.00,1.00
cbsa,TX,C00901918,primary,12.02,0.00,9.03
cbsa,TX,C00901918,runoff,1.00,2.00,0.00
cbsa,TX,C00919084,general,3.00,0.00,0.00
cbsa,TX,C00919084,primary,4.00,2.00,0.00
cbsa,VA,C00369033,primary,0.04,0.00,0.04
cbsa,VA,C00369033,runoff,0.04,0.00,0.00
cbsa,VA,C00919084,general,1.00,0.00,0.00
cbsa,WV,C00919084,general,0.00,1.00,0.00
