geoid,candidate,election,single_gift,accumulated,over_limit_contributions
10180,C00901918,general,1.06,0.00,0.00
10180,C00901918,primary,2.06,0.00,0.00
10180,C00901918,runoff,1.00,0.00,0.00
10180,C00919084,general,2.00,0.00,0.00
10180,C00919084,primary,0.00,1.00,0.00
10420,C00919084,general,1.00,0.00,0.00
10580,C00919084,general,2.00,0.00,0.00
10700,C00901918,runoff,1.00,0.00,1.00
10740,C00919084,general,1.00,0.00,1.00
10740,C00919084,primary,0.00,1.00,0.00
11100,C00369033,runoff,0.00,1.00,0.00
11100,C00901918,general,1.00,0.00,0.00
11100,C00901918,primary,4.00,0.00,0.00
11100,C00901918,runoff,2.00,0.00,0.00
11100,C00919084,general,1.00,1.00,0.00
11100,C00919084,primary,1.00,0.00,0.00
11200,C00919084,general,3.00,1.00,0.00
11260,C00919084,general,2.00,0.00,0.00
11460,C00919084,primary,1.00,0.00,0.00
11980,C00901918,general,1.00,0.00,0.00
11980,C00901918,primary,1.00,0.00,0.00
11980,C00919084,general,1.00,0.00,0.00
11980,C00919084,primary,0.00,1.00,0.00
12060,C00369033,general,1.00,0.00,0.00
12060,C00369033,primary,2.00,0.00,0.00
12060,C00369033,runoff,5.00,2.00,0.00
12060,C00901918,general,1.00,0.00,0.00
12060,C00901918,primary,4.00,0.00,0.00
12060,C00901918,runoff,2.74,0.00,0.74
12060,C00919084,general,2.00,0.00,0.00
12260,C00919084,primary,0.00,1.00,0.00
12420,C00369033,general,1.00,0.00,0.00
12420,C00369033,primary,10.00,1.00,0.00
12420,C00369033,runoff,10.00,4.00,0.00
12420,C00901918,general,25.00,0.00,5.00
12420,C00901918,primary,68.00,2.00,1.00
12420,C00901918,runoff,42.00,0.00,3.00
12420,C00919084,general,102.00,37.00,4.00
12420,C00919084,primary,77.00,37.00,1.00
12580,C00901918,primary,1.00,0.00,0.00
12580,C00901918,runoff,1.00,0.00,0.00
12580,C00919084,general,7.00,1.00,0.00
12580,C00919084,primary,3.00,1.00,0.00
12700,C00919084,primary,1.00,0.00,0.00
12940,C00919084,general,1.00,0.00,0.00
13140,C00369033,primary,1.00,0.00,0.00
13140,C00369033,runoff,2.00,0.00,0.00
13140,C00901918,general,1.00,0.00,0.00
13140,C00901918,primary,2.00,0.00,1.00
13140,C00901918,runoff,1.00,0.00,0.00
13140,C00919084,general,3.00,0.00,0.00
13380,C00369033,primary,0.10,0.00,0.00
13460,C00919084,general,0.00,1.00,0.00
13740,C00919084,general,0.00,1.00,0.00
13740,C00919084,primary,1.00,0.00,0.00
14010,C00369033,primary,1.00,0.00,0.00
14010,C00369033,runoff,2.00,0.00,0.00
14420,C00901918,primary,1.00,0.00,0.00
14420,C00901918,runoff,1.00,0.00,0.00
14460,C00369033,general,1.00,0.00,0.00
14460,C00369033,primary,3.00,0.00,0.00
14460,C00369033,runoff,4.00,0.00,0.00
14460,C00901918,general,1.00,0.00,0.00
14460,C00919084,general,42.00,4.00,0.00
14460,C00919084,primary,9.00,6.00,0.00
14500,C00919084,general,3.00,1.00,0.00
14500,C00919084,primary,3.00,0.00,0.00
14740,C00919084,general,2.00,0.00,0.00
14780,C00901918,primary,1.00,0.00,0.00
14860,C00369033,primary,3.00,0.00,0.00
14860,C00369033,runoff,1.00,0.00,0.00
14860,C00901918,general,3.00,0.00,0.00
14860,C00901918,primary,3.00,0.00,0.00
14860,C00901918,runoff,1.00,0.00,0.00
14860,C00919084,general,8.00,1.00,1.00
14860,C00919084,primary,7.00,0.00,0.00
15180,C00901918,runoff,0.00,1.00,0.00
15220,C00901918,primary,1.00,0.00,0.00
15220,C00901918,runoff,1.00,0.00,0.00
15540,C00919084,general,1.00,0.00,0.00
15980,C00901918,primary,1.00,0.00,0.00
15980,C00901918,runoff,1.00,0.00,0.00
16180,C00901918,general,0.02,0.00,0.00
16180,C00901918,primary,0.02,0.00,0.00
16580,C00919084,general,1.00,0.00,0.00
16700,C00919084,general,2.00,1.00,0.00
16700,C00919084,primary,1.00,0.00,0.00
16740,C00901918,general,2.00,0.00,0.00
16740,C00901918,primary,3.00,0.00,0.00
16740,C00901918,runoff,1.00,0.00,0.00
16740,C00919084,general,1.00,0.00,0.00
16820,C00369033,primary,0.96,0.00,0.00
16820,C00369033,runoff,0.96,0.00,0.00
16820,C00919084,general,1.00,0.00,0.00
16820,C00919084,primary,1.00,2.00,0.00
16860,C00901918,general,2.00,0.00,0.00
16860,C00901918,primary,2.00,0.00,0.00
16860,C00919084,general,1.00,0.00,0.00
16860,C00919084,primary,2.00,0.00,0.00
16980,C00369033,general,2.00,0.00,0.00
16980,C00369033,primary,1.00,0.00,0.00
16980,C00369033,runoff,3.00,0.00,0.00
16980,C00901918,primary,6.00,0.00,0.00
16980,C00901918,runoff,3.00,0.00,0.00
16980,C00919084,general,15.00,6.00,1.00
16980,C00919084,primary,6.00,1.00,0.00
17020,C00919084,general,0.00,1.00,0.00
17140,C00919084,general,1.00,0.00,0.00
17140,C00919084,primary,1.00,0.00,0.00
17410,C00369033,primary,1.00,0.00,0.00
17410,C00369033,runoff,3.00,0.00,0.00
17410,C00919084,general,3.00,0.00,0.00
17780,C00919084,general,2.00,0.00,1.00
18140,C00919084,general,0.00,1.00,0.00
18500,C00919084,general,1.00,0.00,0.00
18580,C00369033,runoff,1.00,0.00,1.00
18580,C00901918,general,0.00,1.00,0.00
18580,C00901918,primary,1.00,0.00,0.00
18580,C00901918,runoff,4.00,0.00,0.00
18580,C00919084,general,2.00,1.00,1.00
18580,C00919084,primary,6.00,1.00,0.00
18620,C00901918,primary,1.00,0.00,0.00
19100,C00369033,general,3.00,0.00,0.00
19100,C00369033,primary,31.00,1.00,0.00
19100,C00369033,runoff,38.00,3.00,0.00
19100,C00901918,general,77.00,1.00,5.00
19100,C00901918,primary,250.00,7.00,2.00
19100,C00901918,runoff,149.00,5.00,6.00
19100,C00919084,general,123.00,30.00,6.00
19100,C00919084,primary,94.00,39.00,0.00
19740,C00369033,general,2.00,0.00,0.00
19740,C00369033,primary,6.00,1.00,0.00
19740,C00369033,runoff,4.00,0.00,0.00
19740,C00901918,general,3.00,0.00,0.00
19740,C00901918,primary,1.00,0.00,0.00
19740,C00901918,runoff,4.00,0.00,0.00
19740,C00919084,general,5.00,0.00,1.00
19740,C00919084,primary,0.00,1.00,0.00
19780,C00919084,general,1.00,0.00,0.00
20500,C00369033,runoff,1.00,0.00,0.00
20660,C00369033,primary,1.00,0.00,0.00
20780,C00369033,primary,1.00,0.00,0.00
20780,C00919084,general,0.17,1.00,0.00
21340,C00369033,primary,1.00,1.00,0.00
21340,C00369033,runoff,1.00,0.00,0.00
21340,C00901918,primary,7.00,0.00,0.00
21340,C00901918,runoff,4.00,0.00,0.00
21340,C00919084,general,2.00,0.00,0.00
21340,C00919084,primary,2.00,2.00,0.00
22220,C00369033,primary,2.00,0.00,0.00
22220,C00919084,general,2.00,0.00,0.00
22660,C00919084,general,1.00,1.00,0.00
23240,C00901918,primary,2.00,0.00,0.00
23240,C00901918,runoff,1.00,0.00,0.00
23240,C00919084,general,2.10,0.00,0.00
23240,C00919084,primary,0.10,1.00,0.00
23420,C00901918,primary,0.00,1.00,0.00
23420,C00919084,general,1.00,0.00,0.00
23620,C00901918,primary,4.00,0.00,0.00
23620,C00901918,runoff,2.00,0.00,0.00
23820,C00901918,general,1.98,0.00,0.00
23820,C00901918,primary,1.98,0.00,0.00
24180,C00369033,runoff,0.00,0.06,0.00
24180,C00901918,primary,2.00,0.00,0.00
24180,C00901918,runoff,2.00,0.00,0.00
24180,C00919084,general,2.00,0.00,2.00
24660,C00919084,general,1.00,0.00,0.00
24860,C00919084,primary,1.00,0.00,0.00
25200,C00919084,general,1.00,0.00,0.00
25200,C00919084,primary,1.00,0.00,0.00
25420,C00901918,general,2.98,0.00,0.00
25420,C00901918,runoff,2.98,0.00,0.00
25540,C00919084,primary,0.00,1.00,0.00
25720,C00369033,runoff,2.00,0.00,0.00
25720,C00901918,primary,1.00,0.00,0.00
25720,C00919084,general,1.00,0.00,0.00
25940,C00919084,general,1.00,0.00,0.00
26220,C00919084,primary,1.00,0.00,0.00
26380,C00919084,general,1.00,0.00,0.00
26420,C00369033,general,1.00,0.00,0.00
26420,C00369033,primary,16.00,1.00,0.00
26420,C00369033,runoff,29.00,1.00,0.00
26420,C00901918,general,23.00,2.00,2.00
26420,C00901918,primary,102.96,6.00,1.00
26420,C00901918,runoff,64.96,2.00,3.00
26420,C00919084,general,166.00,26.00,15.00
26420,C00919084,primary,60.00,37.00,1.00
26460,C00919084,general,0.14,0.00,0.00
26660,C00901918,general,2.00,0.00,0.00
26660,C00901918,primary,2.00,0.00,0.00
27220,C00901918,general,1.00,0.00,0.00
27220,C00901918,primary,1.00,0.00,0.00
27220,C00919084,general,6.00,0.00,0.00
27220,C00919084,primary,3.00,0.00,0.00
27260,C00901918,general,1.00,0.00,0.00
27260,C00901918,primary,1.00,0.00,0.00
27260,C00919084,general,1.00,0.00,0.00
27380,C00901918,primary,0.44,0.00,0.00
27380,C00901918,runoff,0.44,0.00,0.00
27380,C00919084,primary,1.00,0.00,0.00
28140,C00369033,runoff,1.00,0.00,0.00
28140,C00901918,general,1.00,0.00,0.00
28140,C00901918,primary,2.00,0.00,0.00
28140,C00919084,general,0.00,1.00,0.00
28140,C00919084,primary,0.00,1.00,0.00
28300,C00919084,general,1.00,0.00,0.00
28500,C00369033,runoff,0.00,1.00,0.00
28500,C00919084,general,0.90,0.00,0.00
28500,C00919084,primary,2.90,0.00,0.00
28660,C00369033,runoff,0.88,0.00,0.00
28660,C00901918,general,1.00,0.00,0.00
28660,C00901918,primary,2.00,0.00,0.00
28660,C00901918,runoff,1.00,0.00,0.00
28660,C00919084,general,0.02,0.00,0.00
28660,C00919084,primary,2.02,0.00,0.00
28880,C00919084,general,4.86,0.00,0.00
28880,C00919084,primary,1.00,0.00,0.00
28940,C00919084,general,3.00,0.00,0.00
28940,C00919084,primary,2.00,0.00,0.00
29180,C00901918,general,1.00,0.00,0.00
29180,C00901918,primary,2.00,0.00,0.00
29180,C00901918,runoff,1.00,0.00,0.00
29340,C00369033,runoff,1.00,0.00,0.00
29660,C00901918,general,1.00,0.00,0.00
29660,C00901918,primary,1.00,0.00,0.00
29700,C00369033,primary,1.00,0.00,0.00
29700,C00901918,general,1.00,0.00,0.00
29700,C00901918,primary,1.00,0.00,0.00
29820,C00369033,primary,1.00,0.00,0.00
29820,C00901918,primary,4.00,0.00,0.00
29820,C00901918,runoff,2.00,0.00,0.00
29820,C00919084,general,2.00,0.00,1.00
29820,C00919084,primary,1.00,0.00,0.00
29940,C00369033,primary,1.00,1.00,0.00
29940,C00369033,runoff,1.00,0.00,0.00
30150,C00919084,general,3.00,0.00,2.00
30780,C00369033,primary,2.00,0.00,0.00
30780,C00369033,runoff,2.00,0.00,0.00
30780,C00901918,general,3.00,0.00,0.00
30980,C00901918,primary,1.04,0.00,0.00
30980,C00901918,runoff,1.04,0.00,0.00
30980,C00919084,general,2.00,1.00,0.00
30980,C00919084,primary,1.00,0.00,0.00
31080,C00369033,primary,3.00,0.00,0.00
31080,C00369033,runoff,4.00,0.00,0.00
31080,C00901918,general,3.00,0.00,2.00
31080,C00901918,primary,3.00,0.00,0.00
31080,C00901918,runoff,2.00,0.00,0.00
31080,C00919084,general,24.00,2.00,1.00
31080,C00919084,primary,19.00,7.00,1.00
31140,C00369033,primary,1.00,0.00,0.00
31140,C00901918,primary,2.00,0.00,0.00
31140,C00901918,runoff,2.00,0.00,0.00
31140,C00919084,primary,0.00,1.00,0.00
31180,C00901918,general,2.00,0.00,0.00
31180,C00901918,primary,30.00,1.00,1.00
31180,C00901918,runoff,17.00,0.00,0.00
31180,C00919084,general,1.00,0.00,0.00
31260,C00919084,general,1.00,1.00,0.00
31260,C00919084,primary,1.00,0.00,0.00
32580,C00369033,runoff,1.00,0.00,0.00
32580,C00901918,general,1.00,0.00,0.00
32580,C00901918,primary,11.00,1.00,0.00
32580,C00901918,runoff,7.00,0.00,0.00
32580,C00919084,primary,1.00,0.00,0.00
32820,C00919084,general,1.00,0.00,0.00
33100,C00369033,general,2.00,0.00,0.00
33100,C00369033,primary,12.00,0.00,0.00
33100,C00369033,runoff,15.00,0.00,1.00
33100,C00901918,primary,2.00,0.00,0.00
33100,C00901918,runoff,2.00,0.00,1.00
33100,C00919084,general,6.00,1.00,0.00
33100,C00919084,primary,2.00,1.00,0.00
33260,C00369033,primary,1.00,0.00,0.00
33260,C00369033,runoff,1.00,0.00,0.00
33260,C00901918,general,11.00,2.00,0.00
33260,C00901918,primary,23.00,0.00,2.00
33260,C00901918,runoff,9.00,0.00,0.00
33260,C00919084,general,2.00,2.00,0.00
33340,C00919084,primary,0.00,1.00,0.00
33460,C00901918,runoff,1.00,0.00,0.00
33460,C00919084,general,6.00,0.00,0.00
33460,C00919084,primary,3.00,0.00,0.00
34420,C00901918,primary,7.92,0.00,0.00
34420,C00901918,runoff,1.98,0.00,0.00
34580,C00369033,primary,0.90,0.00,0.00
34860,C00901918,general,2.00,0.00,0.00
34860,C00901918,primary,1.00,0.00,0.00
34860,C00901918,runoff,3.00,0.00,0.00
34880,C00919084,general,1.00,0.00,0.00
34940,C00369033,primary,2.00,0.00,0.00
34940,C00901918,primary,1.00,0.00,0.00
34940,C00919084,general,1.00,0.00,0.00
34980,C00369033,primary,1.00,0.00,0.00
34980,C00901918,primary,1.00,0.00,0.00
34980,C00901918,runoff,3.00,0.00,1.00
34980,C00919084,general,4.00,1.00,0.00
34980,C00919084,primary,1.00,0.00,0.00
35440,C00901918,primary,1.00,0.00,0.00
35620,C00369033,primary,27.00,0.00,0.00
35620,C00369033,runoff,36.00,1.00,1.00
35620,C00901918,general,3.00,0.00,0.00
35620,C00901918,primary,6.00,0.00,0.00
35620,C00901918,runoff,1.00,0.00,0.00
35620,C00919084,general,72.00,3.00,2.00
35620,C00919084,primary,48.00,5.00,0.00
35660,C00369033,primary,1.00,0.00,0.00
35840,C00369033,runoff,0.00,1.00,0.00
36020,C00919084,general,1.00,0.00,0.00
36020,C00919084,primary,1.00,0.00,0.00
36220,C00901918,general,1.00,0.00,0.00
36220,C00901918,primary,6.00,0.00,1.00
36220,C00901918,runoff,4.00,0.00,0.00
36220,C00919084,primary,0.00,1.00,0.00
36260,C00901918,general,1.00,0.00,0.00
36420,C00369033,primary,1.00,0.00,0.00
36420,C00901918,runoff,1.00,0.00,0.00
36420,C00919084,general,2.00,0.00,0.00
36540,C00919084,general,1.00,0.00,0.00
36540,C00919084,primary,1.00,0.00,0.00
36740,C00369033,primary,2.00,0.00,0.00
36740,C00901918,primary,1.00,0.00,0.00
36740,C00901918,runoff,1.00,0.00,0.00
36740,C00919084,general,1.00,0.00,0.00
37100,C00919084,general,2.00,0.00,0.00
37580,C00901918,primary,3.00,0.00,0.00
37580,C00901918,runoff,1.00,0.00,0.00
37580,C00919084,general,0.00,1.00,0.00
37860,C00901918,primary,1.00,0.00,0.00
37980,C00369033,primary,1.00,0.00,0.00
37980,C00901918,general,1.00,0.00,0.00
37980,C00901918,primary,3.00,0.00,0.00
37980,C00901918,runoff,1.00,0.00,0.00
37980,C00919084,general,5.00,0.00,1.00
37980,C00919084,primary,2.00,0.00,0.00
38060,C00901918,general,1.00,0.00,0.00
38060,C00901918,primary,4.00,0.00,0.00
38060,C00901918,runoff,3.00,0.00,0.00
38060,C00919084,general,3.00,0.00,0.00
38060,C00919084,primary,1.00,0.00,0.00
38100,C00919084,general,1.00,0.00,0.00
38300,C00369033,runoff,1.00,0.00,0.00
38300,C00919084,general,2.00,0.00,0.00
38300,C00919084,primary,0.00,1.00,0.00
38380,C00919084,general,0.00,1.00,0.00
38860,C00919084,general,2.00,1.00,0.00
38900,C00919084,general,0.00,1.00,0.00
38900,C00919084,primary,1.00,0.00,0.00
38940,C00369033,general,1.00,0.00,0.00
38940,C00369033,primary,2.00,0.00,0.00
38940,C00369033,runoff,2.00,0.00,0.00
38940,C00919084,general,1.00,0.00,0.00
39300,C00369033,primary,1.00,0.00,0.00
39300,C00919084,general,1.00,0.00,0.00
39340,C00901918,general,4.00,0.00,0.00
39340,C00901918,primary,4.00,0.00,0.00
39340,C00901918,runoff,0.05,0.00,0.00
39580,C00369033,primary,1.00,0.00,0.00
39580,C00919084,primary,1.00,1.00,0.00
39780,C00901918,primary,1.00,0.00,0.00
39900,C00919084,general,3.00,0.00,0.00
39900,C00919084,primary,1.00,0.00,0.00
40090,C00369033,primary,2.00,0.00,0.00
40090,C00901918,primary,1.00,0.00,0.00
40090,C00901918,runoff,1.00,0.00,0.00
40090,C00919084,general,1.79,0.00,0.00
40100,C00919084,primary,1.00,0.00,0.00
40140,C00919084,general,4.00,1.00,0.00
40140,C00919084,primary,0.00,1.00,0.00
40220,C00369033,general,1.00,0.00,0.00
40220,C00369033,primary,1.00,0.00,0.00
40380,C00919084,primary,1.00,0.00,0.00
40900,C00369033,runoff,1.00,0.00,0.00
40900,C00919084,general,2.00,0.00,0.00
41180,C00369033,primary,1.00,0.00,0.00
41180,C00901918,primary,1.00,0.00,0.00
41180,C00919084,general,3.00,0.00,0.00
41500,C00919084,general,1.00,0.00,0.00
41500,C00919084,primary,1.00,0.00,0.00
41620,C00901918,general,4.00,0.00,0.00
41620,C00901918,primary,7.00,2.00,0.00
41620,C00901918,runoff,3.95,0.00,0.00
41620,C00919084,general,1.00,0.00,0.00
41700,C00369033,general,0.00,1.00,0.00
41700,C00369033,primary,2.00,0.00,0.00
41700,C00369033,runoff,6.00,2.00,2.00
41700,C00901918,general,4.00,0.00,0.00
41700,C00901918,primary,17.00,1.00,1.00
41700,C00901918,runoff,16.00,0.00,2.00
41700,C00919084,general,14.00,7.00,1.00
41700,C00919084,primary,11.00,5.00,0.00
41740,C00369033,primary,3.00,0.00,0.00
41740,C00901918,primary,1.00,0.00,0.00
41740,C00901918,runoff,1.00,0.00,0.00
41740,C00919084,general,5.00,0.00,2.00
41740,C00919084,primary,4.00,0.00,0.00
41760,C00901918,primary,1.00,0.00,0.00
41860,C00369033,primary,4.00,1.00,0.00
41860,C00369033,runoff,3.00,0.00,0.00
41860,C00919084,general,72.00,3.00,1.00
41860,C00919084,primary,16.00,0.00,0.00
41940,C00369033,primary,1.00,0.00,0.00
41940,C00369033,runoff,1.00,0.00,0.00
41940,C00919084,general,15.00,1.00,0.00
41940,C00919084,primary,5.00,1.00,0.00
41980,C00369033,runoff,2.00,0.00,0.00
41980,C00901918,primary,1.00,0.00,0.00
41980,C00919084,general,2.00,0.00,0.00
42020,C00919084,general,1.00,0.00,0.00
42100,C00919084,general,1.00,0.00,0.00
42140,C00901918,general,1.00,0.00,0.00
42140,C00919084,general,2.00,0.00,0.00
42200,C00919084,general,4.00,0.00,0.00
42200,C00919084,primary,2.00,0.00,0.00
42220,C00369033,general,1.00,0.00,0.00
42220,C00369033,primary,1.00,0.00,0.00
42220,C00919084,general,2.00,0.00,0.00
42660,C00369033,primary,3.00,0.00,1.00
42660,C00369033,runoff,1.00,0.00,0.00
42660,C00901918,runoff,1.00,0.00,0.00
42660,C00919084,general,22.00,1.00,3.00
42660,C00919084,primary,5.00,0.00,0.00
42680,C00901918,general,1.00,0.00,0.00
42780,C00901918,general,1.00,0.00,0.00
42780,C00901918,primary,1.00,0.00,0.00
42780,C00901918,runoff,1.00,0.00,1.00
43300,C00901918,general,2.00,0.00,0.00
43300,C00901918,primary,2.00,0.00,0.00
43620,C00369033,general,1.00,0.00,0.00
43620,C00369033,primary,1.00,0.00,0.00
44020,C00901918,primary,1.00,0.00,0.00
44060,C00919084,general,1.00,0.00,0.00
44180,C00901918,primary,1.00,0.00,0.00
44500,C00369033,runoff,0.00,0.88,0.00
44860,C00901918,primary,2.00,0.00,0.00
44860,C00901918,runoff,2.00,0.00,0.00
45300,C00369033,primary,1.00,0.00,0.00
45300,C00901918,general,2.00,0.00,0.00
45300,C00901918,primary,3.00,0.00,0.00
45300,C00901918,runoff,1.00,0.00,0.00
45300,C00919084,general,1.00,0.00,0.00
45500,C00901918,general,4.00,0.00,0.00
45500,C00901918,primary,6.00,0.00,0.00
45500,C00901918,runoff,4.00,2.00,0.00
45500,C00919084,general,1.00,0.00,0.00
45860,C00369033,primary,1.00,0.00,0.00
45860,C00919084,general,1.00,0.00,0.00
45860,C00919084,primary,1.00,0.00,0.00
46020,C00919084,general,1.00,0.00,0.00
46140,C00369033,primary,2.00,0.00,0.00
46140,C00369033,runoff,1.00,0.00,0.00
46140,C00901918,primary,1.00,0.00,0.00
46340,C00369033,primary,1.00,0.00,0.00
46340,C00901918,primary,9.56,1.00,0.00
46340,C00901918,runoff,8.56,0.00,0.00
46340,C00919084,general,1.00,2.00,0.00
47020,C00919084,general,1.00,0.00,0.00
47020,C00919084,primary,0.00,1.00,0.00
47240,C00919084,general,0.00,1.00,0.00
47260,C00919084,general,1.00,0.00,0.00
47300,C00901918,primary,1.00,0.00,0.00
47300,C00901918,runoff,1.00,0.00,0.00
47380,C00901918,general,1.00,0.00,0.00
47380,C00901918,primary,5.00,0.00,1.00
47380,C00901918,runoff,4.00,0.00,0.00
47380,C00919084,general,2.98,0.00,0.00
47380,C00919084,primary,2.98,0.00,0.00
47900,C00369033,general,1.00,0.00,0.00
47900,C00369033,primary,10.00,0.00,0.00
47900,C00369033,runoff,10.00,4.00,0.00
47900,C00901918,general,5.00,1.00,0.00
47900,C00901918,primary,2.00,1.00,0.00
47900,C00901918,runoff,2.00,2.00,0.00
47900,C00919084,general,29.00,6.00,0.00
47900,C00919084,primary,20.00,3.00,1.00
47930,C00919084,primary,1.00,0.00,0.00
48620,C00369033,runoff,1.00,0.00,0.00
48620,C00901918,runoff,1.00,0.00,0.00
48660,C00901918,general,2.00,0.00,0.00
48660,C00901918,primary,3.00,0.00,0.00
48660,C00901918,runoff,2.00,0.00,0.00
48900,C00919084,general,1.00,0.00,0.00
49620,C00901918,general,0.02,0.00,0.00
49620,C00901918,runoff,0.02,0.00,0.00
49660,C00901918,runoff,1.00,0.00,0.00
