level,state,candidate,phase,positive_cents,net_cents,count
cbsa,AK,C00901918,between_primary_runoff,26500,26500,3.00
cbsa,AK,C00901918,post_runoff,5500,5500,1.00
cbsa,AK,C00901918,pre_primary,104102,104102,1.00
cbsa,AK,C00919084,between_primary_runoff,325000,325000,31.00
cbsa,AK,C00919084,post_runoff,130500,130500,18.00
cbsa,AK,C00919084,pre_primary,452000,452000,42.00
cbsa,AL,C00369033,pre_primary,29296,29296,38.00
cbsa,AL,C00901918,between_primary_runoff,49000,49000,7.00
cbsa,AL,C00901918,post_runoff,11000,11000,2.00
cbsa,AL,C00919084,between_primary_runoff,1597,1597,0.38
cbsa,AL,C00919084,post_runoff,50000,50000,1.00
cbsa,AL,C00919084,pre_primary,52235,52235,1.38
cbsa,AR,C00901918,between_primary_runoff,127371,127371,9.08
cbsa,AR,C00901918,post_runoff,26025,26025,1.00
cbsa,AR,C00901918,pre_primary,31230,31230,3.00
cbsa,AR,C00919084,between_primary_runoff,95726,95726,21.00
cbsa,AR,C00919084,post_runoff,108376,108376,13.00
cbsa,AR,C00919084,pre_primary,94500,94500,23.00
cbsa,AZ,C00919084,post_runoff,120000,120000,3.00
cbsa,CA,C00369033,between_primary_runoff,50000,50000,1.00
cbsa,CA,C00369033,pre_primary,100000,100000,2.00
cbsa,CA,C00901918,between_primary_runoff,50000,50000,5.00
cbsa,CA,C00901918,post_runoff,15000,15000,1.00
cbsa,CA,C00901918,pre_primary,106876,106876,11.09
cbsa,CA,C00919084,between_primary_runoff,386729,386729,37.06
cbsa,CA,C00919084,post_runoff,217848,217848,26.06
cbsa,CA,C00919084,pre_primary,160194,160194,31.04
cbsa,CO,C00901918,pre_primary,104102,104102,1.00
cbsa,CO,C00919084,between_primary_runoff,1209395,1209395,60.05
cbsa,CO,C00919084,post_runoff,650947,650947,40.04
cbsa,CO,C00919084,pre_primary,971062,971062,89.08
cbsa,FL,C00901918,between_primary_runoff,137414,137414,6.00
cbsa,FL,C00901918,post_runoff,3644,3644,1.00
cbsa,FL,C00901918,pre_primary,26321,26321,11.00
cbsa,FL,C00919084,between_primary_runoff,2000,2000,2.00
cbsa,FL,C00919084,post_runoff,3000,3000,1.00
cbsa,GA,C00369033,pre_primary,110169,110169,11.94
cbsa,GA,C00901918,between_primary_runoff,368769,94535,1.26
cbsa,GA,C00919084,between_primary_runoff,398970,398970,28.90
cbsa,GA,C00919084,post_runoff,350572,350572,17.38
cbsa,GA,C00919084,pre_primary,212510,212510,19.00
cbsa,IA,C00369033,between_primary_runoff,2500,2500,1.00
cbsa,IA,C00369033,pre_primary,35000,35000,14.00
cbsa,IA,C00919084,between_primary_runoff,131851,131851,25.30
cbsa,IA,C00919084,post_runoff,61309,61309,7.23
cbsa,IA,C00919084,pre_primary,168754,168754,18.00
cbsa,ID,C00901918,between_primary_runoff,53738,53738,1.37
cbsa,ID,C00901918,post_runoff,1246,1246,0.12
cbsa,ID,C00901918,pre_primary,61246,61246,2.12
cbsa,ID,C00919084,between_primary_runoff,56000,56000,7.00
cbsa,ID,C00919084,post_runoff,110000,110000,8.00
cbsa,IL,C00369033,pre_primary,55000,55000,3.00
cbsa,IL,C00901918,between_primary_runoff,40000,40000,2.00
cbsa,IL,C00919084,between_primary_runoff,237236,237236,15.99
cbsa,IL,C00919084,post_runoff,120747,120747,12.00
cbsa,IL,C00919084,pre_primary,59310,59310,1.99
cbsa,IN,C00919084,between_primary_runoff,1228,1228,1.43
cbsa,IN,C00919084,post_runoff,89103,89103,8.81
cbsa,KS,C00369033,between_primary_runoff,50000,50000,1.00
cbsa,KS,C00901918,between_primary_runoff,53014,53014,5.00
cbsa,KS,C00901918,post_runoff,19367,19367,4.00
cbsa,KS,C00901918,pre_primary,232500,232500,10.00
cbsa,KS,C00919084,between_primary_runoff,29600,29600,11.00
cbsa,KS,C00919084,post_runoff,10000,10000,1.00
cbsa,KS,C00919084,pre_primary,4600,4600,3.00
cbsa,KY,C00369033,pre_primary,254,254,0.01
cbsa,KY,C00919084,between_primary_runoff,22500,22500,6.00
cbsa,KY,C00919084,post_runoff,107500,107500,3.00
cbsa,KY,C00919084,pre_primary,11800,11800,5.00
cbsa,LA,C00369033,pre_primary,52271,52271,1.08
cbsa,LA,C00901918,post_runoff,10000,10000,1.00
cbsa,LA,C00919084,between_primary_runoff,71866,71866,12.98
cbsa,LA,C00919084,post_runoff,65369,65369,8.98
cbsa,LA,C00919084,pre_primary,175560,175560,22.96
cbsa,MD,C00919084,between_primary_runoff,120000,120000,2.00
cbsa,MD,C00919084,post_runoff,130000,130000,3.00
cbsa,MD,C00919084,pre_primary,10000,10000,1.00
cbsa,ME,C00901918,between_primary_runoff,30000,30000,2.00
cbsa,ME,C00901918,post_runoff,5000,5000,1.00
cbsa,ME,C00901918,pre_primary,40000,40000,3.00
cbsa,ME,C00919084,between_primary_runoff,771192,771192,60.00
cbsa,ME,C00919084,post_runoff,890993,890993,55.01
cbsa,ME,C00919084,pre_primary,400000,400000,22.00
cbsa,MI,C00901918,post_runoff,18299,18299,11.00
cbsa,MI,C00901918,pre_primary,180000,180000,8.00
cbsa,MI,C00919084,between_primary_runoff,144881,144881,23.05
cbsa,MI,C00919084,post_runoff,149306,149306,17.32
cbsa,MI,C00919084,pre_primary,275536,275536,30.35
cbsa,MN,C00919084,between_primary_runoff,136298,136298,24.00
cbsa,MN,C00919084,post_runoff,122099,122099,22.00
cbsa,MN,C00919084,pre_primary,71500,71500,10.00
cbsa,MO,C00369033,between_primary_runoff,50264,50264,1.03
cbsa,MO,C00369033,pre_primary,50000,50000,1.00
cbsa,MO,C00901918,between_primary_runoff,27182,27182,8.00
cbsa,MO,C00901918,post_runoff,14147,14147,7.11
cbsa,MO,C00901918,pre_primary,36025,36025,2.00
cbsa,MO,C00919084,between_primary_runoff,41500,41500,10.00
cbsa,MO,C00919084,post_runoff,62813,62813,8.95
cbsa,MO,C00919084,pre_primary,96146,96146,19.95
cbsa,MS,C00901918,pre_primary,10000,10000,1.00
cbsa,MS,C00919084,between_primary_runoff,11048,11048,2.14
cbsa,MS,C00919084,post_runoff,68735,68735,4.07
cbsa,MS,C00919084,pre_primary,10,10,0.00
cbsa,MT,C00369033,between_primary_runoff,50000,50000,1.00
cbsa,MT,C00901918,between_primary_runoff,17701,17701,7.00
cbsa,MT,C00901918,post_runoff,2628,2628,2.00
cbsa,MT,C00901918,pre_primary,135069,135069,19.00
cbsa,MT,C00919084,between_primary_runoff,345090,345090,44.77
cbsa,MT,C00919084,post_runoff,189017,189017,20.47
cbsa,MT,C00919084,pre_primary,408723,408723,39.04
cbsa,NC,C00369033,between_primary_runoff,50514,50514,2.00
cbsa,NC,C00369033,pre_primary,57000,57000,15.00
cbsa,NC,C00901918,between_primary_runoff,35915,35915,4.00
cbsa,NC,C00901918,post_runoff,35287,35287,3.00
cbsa,NC,C00919084,between_primary_runoff,1096406,1096406,57.00
cbsa,NC,C00919084,post_runoff,176523,176523,31.94
cbsa,NC,C00919084,pre_primary,1030608,1030608,50.00
cbsa,ND,C00901918,between_primary_runoff,7500,7500,1.00
cbsa,ND,C00901918,post_runoff,7500,7500,1.00
cbsa,ND,C00901918,pre_primary,50000,50000,2.00
cbsa,ND,C00919084,between_primary_runoff,22500,22500,2.00
cbsa,ND,C00919084,post_runoff,25000,25000,3.00
cbsa,ND,C00919084,pre_primary,10000,10000,1.00
cbsa,NE,C00919084,between_primary_runoff,100100,100100,17.00
cbsa,NE,C00919084,post_runoff,129827,129827,7.00
cbsa,NE,C00919084,pre_primary,296000,296000,15.00
cbsa,NH,C00919084,between_primary_runoff,254000,254000,21.00
cbsa,NH,C00919084,post_runoff,234000,234000,14.00
cbsa,NH,C00919084,pre_primary,121500,121500,5.00
cbsa,NM,C00919084,between_primary_runoff,62655,62655,8.03
cbsa,NM,C00919084,post_runoff,142656,142656,4.05
cbsa,NM,C00919084,pre_primary,26327,26327,1.03
cbsa,NV,C00901918,between_primary_runoff,10000,10000,1.00
cbsa,NV,C00901918,pre_primary,15000,15000,1.00
cbsa,NV,C00919084,between_primary_runoff,10000,10000,2.00
cbsa,NV,C00919084,post_runoff,5000,5000,1.00
cbsa,NY,C00901918,between_primary_runoff,331000,331000,7.00
cbsa,NY,C00901918,post_runoff,505500,505500,3.00
cbsa,NY,C00901918,pre_primary,15000,15000,2.00
cbsa,NY,C00919084,between_primary_runoff,109996,109996,21.00
cbsa,NY,C00919084,post_runoff,130109,130109,19.39
cbsa,NY,C00919084,pre_primary,134343,134343,6.94
cbsa,OH,C00919084,between_primary_runoff,56500,56500,5.00
cbsa,OH,C00919084,post_runoff,51500,51500,2.00
cbsa,OH,C00919084,pre_primary,4000,4000,2.00
cbsa,OK,C00369033,between_primary_runoff,50000,50000,1.00
cbsa,OK,C00901918,between_primary_runoff,36025,36025,5.00
cbsa,OK,C00901918,post_runoff,2500,2500,1.00
cbsa,OK,C00901918,pre_primary,28525,28525,2.00
cbsa,OK,C00919084,between_primary_runoff,82920,82920,12.52
cbsa,OK,C00919084,post_runoff,150208,150208,14.00
cbsa,OK,C00919084,pre_primary,65000,65000,12.00
cbsa,OR,C00919084,between_primary_runoff,105000,105000,9.00
cbsa,OR,C00919084,post_runoff,46227,46227,6.00
cbsa,OR,C00919084,pre_primary,140000,140000,10.00
cbsa,PA,C00901918,between_primary_runoff,3500,3500,1.00
cbsa,PA,C00919084,between_primary_runoff,79482,79482,19.00
cbsa,PA,C00919084,post_runoff,54121,54121,13.00
cbsa,PA,C00919084,pre_primary,98535,98535,7.38
cbsa,SC,C00901918,between_primary_runoff,10000,10000,1.00
cbsa,SC,C00901918,post_runoff,20000,20000,1.00
cbsa,SC,C00901918,pre_primary,20000,20000,1.00
cbsa,SC,C00919084,between_primary_runoff,18000,18000,4.00
cbsa,SC,C00919084,post_runoff,60500,60500,8.00
cbsa,SD,C00919084,between_primary_runoff,98500,98500,10.00
cbsa,SD,C00919084,post_runoff,32500,32500,3.00
cbsa,SD,C00919084,pre_primary,100000,100000,2.00
cbsa,TN,C00901918,between_primary_runoff,23500,23500,5.00
cbsa,TN,C00901918,post_runoff,1000,1000,1.00
cbsa,TN,C00901918,pre_primary,82910,82910,16.00
cbsa,TN,C00919084,between_primary_runoff,84589,84589,13.05
cbsa,TN,C00919084,post_runoff,56500,56500,8.00
cbsa,TN,C00919084,pre_primary,70000,70000,3.00
cbsa,TX,C00369033,between_primary_runoff,2057868,2057868,65.32
cbsa,TX,C00369033,pre_primary,2375890,2375890,107.29
cbsa,TX,C00901918,between_primary_runoff,4758714,4758714,266.22
cbsa,TX,C00901918,post_runoff,2072660,2029138,115.73
cbsa,TX,C00901918,pre_primary,13018260,12993260,348.65
cbsa,TX,C00919084,between_primary_runoff,7326739,7326739,870.07
cbsa,TX,C00919084,post_runoff,6320332,6320332,607.55
cbsa,TX,C00919084,pre_primary,10218622,10218622,661.45
cbsa,UT,C00901918,post_runoff,5000,5000,2.00
cbsa,UT,C00919084,between_primary_runoff,80000,80000,5.00
cbsa,UT,C00919084,post_runoff,2500,2500,1.00
cbsa,VA,C00369033,between_primary_runoff,14492,14492,0.04
cbsa,VA,C00369033,pre_primary,28983,28983,0.04
cbsa,VA,C00901918,between_primary_runoff,123262,123262,9.54
cbsa,VA,C00901918,post_runoff,9000,9000,2.00
cbsa,VA,C00901918,pre_primary,105000,105000,7.00
cbsa,VA,C00919084,between_primary_runoff,660900,660900,63.42
cbsa,VA,C00919084,post_runoff,425531,425531,64.14
cbsa,VA,C00919084,pre_primary,187000,187000,17.00
cbsa,VT,C00369033,pre_primary,50000,50000,1.00
cbsa,VT,C00919084,between_primary_runoff,188054,188054,23.22
cbsa,VT,C00919084,post_runoff,440196,440196,30.00
cbsa,VT,C00919084,pre_primary,107331,107331,7.86
cbsa,WA,C00901918,between_primary_runoff,50000,50000,2.00
cbsa,WA,C00901918,post_runoff,20000,20000,1.00
cbsa,WA,C00901918,pre_primary,25000,25000,1.00
cbsa,WA,C00919084,between_primary_runoff,294831,294831,25.90
cbsa,WA,C00919084,post_runoff,213318,213318,19.92
cbsa,WA,C00919084,pre_primary,728703,728703,39.87
cbsa,WI,C00901918,between_primary_runoff,10410,10410,1.00
cbsa,WI,C00919084,between_primary_runoff,193809,193809,19.08
cbsa,WI,C00919084,post_runoff,232324,232324,20.08
cbsa,WI,C00919084,pre_primary,43725,43725,10.01
cbsa,WV,C00369033,pre_primary,100000,100000,1.00
cbsa,WV,C00901918,between_primary_runoff,5000,5000,1.00
cbsa,WV,C00919084,between_primary_runoff,191000,191000,9.00
cbsa,WV,C00919084,post_runoff,282700,282700,7.00
cbsa,WV,C00919084,pre_primary,244976,244976,5.05
cbsa,WY,C00901918,post_runoff,5000,5000,1.00
cbsa,WY,C00919084,between_primary_runoff,23000,23000,4.00
cbsa,WY,C00919084,post_runoff,15000,15000,2.00
cbsa,WY,C00919084,pre_primary,10000,10000,2.00
cd,TX,C00919084,between_primary_runoff,2,2,0.00
cd,TX,C00919084,post_runoff,9,9,0.00
